submission_id,response_id,synthetic_data,survey_version,survey_round,interview_date,program_start_date,region_code,site_code,enumerator_code,consent,age_group,gender,household_size,disability_access,participated_training,training_date,training_topic,satisfaction_score,knowledge_before,knowledge_after,used_skill,service_access,follow_up_requested,preferred_channel,open_comment,completion_minutes
SUB-0064,SYN-0064,yes,1.0.0,ROUND_2,2025-09-07,2025-05-16,NORTH,N01,ENUM_05,yes,35_44,man,4,no,yes,2025-09-05,digital_skills,3,1,2,no,1,no,,,19.8
SUB-0021,SYN-0021,yes,1.0.0,ROUND_1,2025-09-12,2025-06-03,NORTH,N03,ENUM_02,yes,18_24,man,2,no,yes,2025-07-23,leadership,5,1,3,no,4,no,,I would like more examples about budgeting and record keeping.,27.3
SUB-0089,SYN-0089,yes,1.0.0,ROUND_1,2025-09-02,2025-05-26,NORTH,N02,ENUM_04,yes,45_54,woman,6,no,no,,,,,,,4,no,,,30.1
SUB-0057,SYN-0057,yes,1.0.0,ROUND_2,2025-09-02,2025-06-16,WEST,W02,ENUM_03,yes,25_34,woman,3,no,yes,2025-09-01,financial_skills,4,3,4,no,3,no,,,26.5
SUB-0190,SYN-0190,yes,1.0.0,ROUND_1,2025-07-21,2025-06-08,EAST,E03,ENUM_07,yes,25_34,man,3,yes,yes,2025-07-10,financial_skills,4,3,4,no,3,no,,,27.2
SUB-0108,SYN-0108,yes,1.0.0,ROUND_1,2025-04-02,2024-12-23,WEST,W02,ENUM_08,yes,55_plus,woman,4,no,yes,2025-03-30,planning,3,1,3,yes,3,no,,Travel to the meeting location was difficult during bad weather.,26.9
SUB-0304,SYN-0304,yes,1.0.0,ROUND_2,2025-08-21,2025-05-09,,W02,ENUM_05,yes,25_34,man,10,no,yes,2025-06-04,planning,4,4,5,no,2,no,,,21.2
SUB-0237,SYN-0237,yes,1.0.0,ROUND_2,2025-05-03,2025-02-23,NORTH,N02,ENUM_08,yes,45_54,man,4,no,yes,2025-04-10,planning,3,1,1,yes,3,no,,,4.5
SUB-0011,SYN-0011,yes,1.0.0,ROUND_2,2025-06-16,2025-05-08,WEST,W03,ENUM_03,yes,25_34,man,6,no,no,,,,,,,3,no,,,8.1
SUB-0198,SYN-0198,yes,1.0.0,ROUND_1,2025-06-02,2025-01-06,NORTH,N02,ENUM_03,yes,55_plus,woman,2,yes,yes,2025-04-22,digital_skills,4,4,4,no,1,no,,,14.1
SUB-0097,SYN-0097,yes,1.0.0,ROUND_2,2025-08-29,2025-05-07,NORTH,N03,ENUM_01,yes,18_24,man,4,no,yes,2025-08-29,financial_skills,5,2,3,no,4,no,,,28.8
SUB-0020,SYN-0020,yes,1.0.0,ROUND_2,2025-08-27,2025-07-04,WEST,W02,ENUM_03,yes,25_34,woman,7,yes,yes,2025-07-17,leadership,4,2,4,yes,4,no,,,28.9
SUB-0131,SYN-0131,yes,1.0.0,ROUND_2,2025-04-15,2025-02-27,EAST,E01,ENUM_04,yes,25_34,woman,1,no,yes,2025-03-08,financial_skills,5,1,2,yes,5,yes,community_meeting,,18.7
SUB-0032,SYN-0032,yes,1.0.0,ROUND_2,2025-06-29,2025-04-27,EAST,E01,ENUM_06,yes,35_44,man,7,no,yes,2025-05-15,leadership,3,3,5,no,2,no,,,9.9
SUB-0063,SYN-0063,yes,1.0.0,ROUND_2,2025-08-09,2025-04-07,EAST,E03,ENUM_02,yes,25_34,man,2,no,no,,,,,,,5,no,,,19.7
SUB-0249,SYN-0249,yes,1.0.0,ROUND_1,2025-09-23,2025-04-27,NORTH,N01,ENUM_06,yes,45_54,woman,2,no,yes,2025-05-12,planning,3,3,5,yes,3,no,,,19.5
SUB-0141,SYN-0141,yes,1.0.0,ROUND_1,2025-04-20,2025-02-07,EAST,E01,ENUM_01,yes,35_44,woman,4,no,yes,2025-02-13,planning,4,3,3,yes,5,no,,,29.6
SUB-0280,SYN-0280,yes,1.0.0,ROUND_2,2025-09-07,2025-05-10,WEST,W02,ENUM_04,yes,35_44,woman,4,no,no,,,,,,,4,no,,,12.8
SUB-0031,SYN-0031,yes,1.0.0,ROUND_2,2025-06-09,2025-04-25,EAST,E02,ENUM_01,yes,35_44,woman,3,no,yes,2025-05-21,planning,4,1,2,no,3,no,,,20.0
SUB-DUP-006,SYN-0305,yes,1.0.0,ROUND_1,2025-08-16,2025-07-14,WEST,W02,ENUM_04,yes,18_24,man,4,yes,yes,2025-07-22,planning,3,1,3,no,5,yes,radio,,6.3
SUB-0183,SYN-0183,yes,1.0.0,ROUND_1,2026-01-15,2025-05-05,SOUTH,S01,ENUM_04,yes,55_plus,man,6,no,yes,2025-07-01,financial_skills,3,4,5,yes,5,no,,,28.0
SUB-0379,SYN-0379,yes,1.0.0,ROUND_2,2025-04-04,2025-02-14,WEST,W01,ENUM_08,yes,18_24,man,4,no,yes,2025-03-02,planning,4,2,3,no,3,yes,printed_material,The facilitator explained the topic clearly and respectfully.,17.6
SUB-0382,SYN-0382,yes,1.0.0,ROUND_2,2025-04-03,2024-11-14,WEST,W02,ENUM_01,yes,25_34,woman,7,yes,yes,2024-12-26,financial_skills,2,3,4,no,4,no,,,15.4
SUB-0259,SYN-0259,yes,1.0.0,ROUND_2,2025-06-03,2025-01-15,NORTH,N02,ENUM_07,yes,25_34,man,6,no,yes,2025-04-03,planning,5,3,4,no,3,no,,,17.8
SUB-0360,SYN-0360,yes,1.0.0,ROUND_1,2025-06-17,2025-01-26,WEST,W01,ENUM_03,yes,45_54,man,4,yes,no,,,,,,,3,no,,,20.3
SUB-0396,SYN-0396,yes,1.0.0,ROUND_2,2025-08-16,2025-06-29,WEST,W02,ENUM_04,yes,25_34,woman,2,no,yes,2025-07-12,leadership,4,2,2,no,5,yes,radio,The facilitator explained the topic clearly and respectfully.,21.7
SUB-0028,SYN-0028,yes,1.0.0,ROUND_2,2025-04-02,2024-11-19,NORTH,N03,ENUM_04,yes,25_34,man,3,no,yes,2024-12-18,planning,4,2,2,no,5,yes,community_meeting,The facilitator explained the topic clearly and respectfully.,16.7
SUB-0389,SYN-0389,yes,1.0.0,ROUND_1,2025-07-09,2025-04-29,EAST,E03,ENUM_08,yes,35_44,woman,5,no,no,,,,,,,3,no,,,25.1
SUB-0331,SYN-0331,yes,1.0.0,ROUND_1,2025-04-21,2025-01-08,SOUTH,S01,ENUM_01,yes,18_24,man,5,yes,no,,,,,,,3,no,,,30.7
SUB-0224,SYN-0224,yes,1.0.0,,,,,,,no,,,,,,,,,,,,,,,,
SUB-0152,SYN-0152,yes,1.0.0,ROUND_1,2025-04-19,2024-12-19,NORTH,N03,ENUM_05,yes,25_34,woman,5,no,yes,2025-01-19,leadership,5,3,4,yes,3,no,,,28.0
SUB-0242,SYN-0242,yes,1.0.0,ROUND_2,2025-07-02,2025-04-25,EAST,E03,ENUM_07,yes,35_44,man,5,no,yes,2025-06-13,digital_skills,5,1,2,no,4,no,,,20.3
SUB-0284,SYN-0284,yes,1.0.0,ROUND_2,2025-07-02,2025-05-12,WEST,W03,ENUM_04,yes,45_54,woman,7,no,yes,2025-06-11,leadership,4,3,3,yes,4,no,,A location closer to the community would improve attendance.,14.4
SUB-0090,SYN-0090,yes,1.0.0,ROUND_1,2025-05-26,2025-04-14,NORTH,N01,ENUM_08,yes,25_34,non_binary,6,no,yes,2025-05-17,planning,3,1,2,no,1,no,,,27.7
SUB-0088,SYN-0088,yes,1.0.0,,,,,,,no,,,,,,,,,,,,,,,,
SUB-0105,SYN-0105,yes,1.0.0,ROUND_1,2025-06-30,2025-02-06,EAST,E02,ENUM_07,yes,25_34,woman,6,yes,yes,2025-05-30,digital_skills,5,2,3,no,3,no,,,17.4
SUB-0346,SYN-0346,yes,1.0.0,ROUND_1,2025-05-06,2025-02-21,EAST,E03,ENUM_04,yes,45_54,woman,4,no,no,,,,,,,5,yes,community_meeting,,13.4
SUB-0165,SYN-0165,yes,1.0.0,ROUND_2,2025-09-12,2025-04-16,EAST,E01,ENUM_05,yes,35_44,man,3,no,no,,,,,,,3,yes,printed_material,,22.5
SUB-0126,SYN-0126,yes,1.0.0,ROUND_2,2025-06-18,2025-05-08,WEST,W03,ENUM_07,yes,35_44,woman,6,no,yes,2025-05-27,leadership,5,2,3,no,3,no,,,14.5
SUB-0145,SYN-0145,yes,1.0.0,ROUND_1,2025-04-14,2025-01-27,NORTH,N03,ENUM_08,yes,25_34,man,6,no,yes,2025-01-29,planning,4,2,2,no,2,no,,,18.1
SUB-0308,SYN-0308,yes,1.0.0,ROUND_2,2025-05-31,2025-03-10,WEST,W02,ENUM_01,yes,25_34,woman,4,no,yes,2025-05-27,planning,3,4,5,yes,4,yes,radio,,15.0
SUB-0359,SYN-0359,yes,1.0.0,ROUND_2,2025-06-09,2025-04-15,EAST,E02,ENUM_02,yes,25_34,woman,5,no,yes,2025-05-17,financial_skills,3,2,3,yes,1,no,,,21.8
SUB-0004,SYN-0004,yes,1.0.0,ROUND_1,2025-09-18,2025-06-04,SOUTH,S03,ENUM_01,yes,25_34,woman,2,no,yes,2025-06-05,leadership,4,2,3,yes,4,yes,printed_material,,18.0
SUB-0287,SYN-0287,yes,1.0.0,ROUND_2,2025-07-17,2025-05-10,EAST,E01,ENUM_08,yes,35_44,man,4,no,no,,,,,,,5,yes,printed_material,,7.1
SUB-0055,SYN-0055,yes,1.0.0,ROUND_1,2025-07-12,2025-05-21,WEST,W01,ENUM_04,yes,45_54,woman,3,no,yes,2025-07-05,financial_skills,4,4,5,yes,4,no,,,32.5
SUB-0142,SYN-0142,yes,1.0.0,ROUND_1,2025-08-23,2025-04-04,WEST,W03,ENUM_04,yes,45_54,woman,4,no,yes,2025-08-16,leadership,5,4,5,no,3,yes,radio,,20.3
SUB-0148,SYN-0148,yes,1.0.0,ROUND_1,2025-08-29,2025-06-27,WEST,W03,ENUM_05,yes,18_24,woman,3,no,yes,2025-08-16,planning,3,2,3,no,2,no,,,19.4
SUB-0194,SYN-0194,yes,1.0.0,ROUND_1,2025-08-15,2025-04-28,SOUTH,S01,ENUM_02,yes,25_34,woman,6,yes,no,,,,,,,4,yes,printed_material,,20.5
SUB-0100,SYN-0100,yes,1.0.0,ROUND_2,2025-04-08,2024-11-14,WEST,W03,ENUM_07,yes,25_34,man,10,no,no,,,,,,,3,no,,,25.7
SUB-0210,SYN-0210,yes,1.0.0,ROUND_2,2025-07-13,2025-06-10,NORTH,N01,ENUM_02,yes,35_44,woman,12,no,yes,2025-06-22,digital_skills,4,1,2,yes,4,yes,community_meeting,,20.0
SUB-0042,SYN-0042,yes,1.0.0,,,,,,,no,,,,,,,,,,,,,,,,
SUB-0281,SYN-0281,yes,1.0.0,ROUND_1,2025-04-23,2025-02-28,SOUTH,S01,ENUM_06,yes,35_44,man,6,no,yes,2025-04-08,leadership,4,3,4,no,4,no,,The activity should start earlier so participants can travel home safely.,10.5
SUB-0228,SYN-0228,yes,1.0.0,ROUND_1,2025-06-03,2025-02-22,NORTH,N02,ENUM_08,yes,18_24,man,4,yes,yes,2025-04-21,financial_skills,5,2,4,yes,3,no,,,12.7
SUB-0223,SYN-0223,yes,1.0.0,ROUND_2,2025-05-21,2025-04-05,WEST,W02,ENUM_01,yes,18_24,man,4,no,yes,2025-05-16,financial_skills,4,1,1,yes,4,no,,,10.9
SUB-0120,SYN-0120,yes,1.0.0,ROUND_2,2025-05-03,2024-12-25,EAST,E01,ENUM_04,yes,25_34,woman,1,no,yes,2025-03-23,leadership,4,2,3,no,3,yes,community_meeting,,26.4
SUB-0209,SYN-0209,yes,1.0.0,ROUND_1,2025-05-17,2025-02-06,EAST,E01,ENUM_01,yes,35_44,man,5,yes,yes,2025-02-06,planning,4,2,2,yes,4,yes,community_meeting,,24.0
SUB-0191,SYN-0191,yes,1.0.0,ROUND_1,2025-07-02,2025-05-01,WEST,W01,ENUM_04,yes,25_34,man,7,no,yes,2025-05-05,financial_skills,1,2,3,yes,2,no,,,17.5
SUB-0163,SYN-0163,yes,1.0.0,ROUND_2,2025-09-14,2025-05-09,SOUTH,S03,ENUM_01,yes,55_plus,woman,6,no,yes,2025-09-08,planning,4,4,5,no,4,no,,,17.9
SUB-0317,SYN-0317,yes,1.0.0,ROUND_1,2025-07-11,2025-05-10,EAST,E03,ENUM_08,yes,25_34,woman,0,no,yes,2025-05-31,planning,4,4,5,yes,3,no,,,18.1
SUB-0247,SYN-0247,yes,1.0.0,ROUND_1,2025-05-15,2025-01-11,SOUTH,S01,ENUM_03,yes,55_plus,woman,5,no,yes,2025-02-28,planning,5,2,3,yes,4,no,,The group activities helped me learn from other participants.,19.1
SUB-0295,SYN-0295,yes,1.0.0,ROUND_2,2025-05-12,2025-02-26,WEST,W01,ENUM_07,yes,25_34,woman,5,no,yes,2025-03-22,leadership,5,1,1,no,3,yes,radio,,25.0
SUB-0282,SYN-0282,yes,1.0.0,ROUND_1,2025-06-14,2025-01-20,WEST,W03,ENUM_07,yes,18_24,woman,2,no,yes,2025-02-23,digital_skills,4,3,5,yes,3,no,,I have already used one of the planning tools from the session.,23.3
SUB-0019,SYN-0019,yes,1.0.0,ROUND_1,2025-06-25,2025-02-21,SOUTH,S03,ENUM_05,yes,45_54,woman,6,no,yes,2025-06-01,financial_skills,4,2,3,no,5,no,,,30.1
SUB-0196,SYN-0196,yes,1.0.0,ROUND_2,2025-07-16,2025-05-31,EAST,E02,ENUM_07,yes,55_plus,woman,6,no,yes,2025-06-25,leadership,5,1,1,yes,4,no,,,18.9
SUB-0257,SYN-0257,yes,1.0.0,ROUND_2,2025-07-29,2025-03-23,EAST,E03,ENUM_04,yes,45_54,man,5,no,yes,2025-04-08,digital_skills,5,1,3,yes,2,no,,,16.1
SUB-0366,SYN-0366,yes,1.0.0,ROUND_2,2025-05-29,2025-03-10,NORTH,N03,ENUM_08,yes,35_44,man,3,no,yes,2025-03-24,planning,5,1,2,yes,4,no,,,15.5
SUB-0050,SYN-0050,yes,1.0.0,ROUND_2,2025-06-26,2025-04-04,WEST,W03,ENUM_02,yes,45_54,man,6,no,yes,2025-05-24,planning,5,1,3,yes,3,no,,,20.1
SUB-0160,SYN-0160,yes,1.0.0,ROUND_1,2025-05-08,2025-01-22,SOUTH,S02,ENUM_02,yes,45_54,woman,5,no,yes,2025-03-11,planning,5,3,3,yes,4,no,,,11.5
SUB-0038,SYN-0038,yes,1.0.0,ROUND_2,2025-06-20,2025-04-06,WEST,W02,ENUM_06,yes,35_44,woman,4,no,yes,2025-04-20,financial_skills,4,2,3,no,2,no,,,19.0
SUB-0327,SYN-0327,yes,1.0.0,ROUND_2,2025-06-08,2025-04-08,EAST,E01,ENUM_06,yes,45_54,woman,5,no,yes,2025-06-06,leadership,5,2,2,yes,4,yes,community_meeting,,20.4
SUB-0339,SYN-0339,yes,1.0.0,ROUND_1,2025-04-04,2024-11-24,WEST,W03,ENUM_03,yes,25_34,woman,12,no,yes,2025-01-03,planning,3,2,3,yes,5,no,,,8.2
SUB-0277,SYN-0277,yes,1.0.0,ROUND_1,2025-06-23,2025-02-24,NORTH,N02,ENUM_02,yes,35_44,man,1,no,yes,2025-05-31,digital_skills,1,1,2,no,4,no,,,21.0
SUB-0328,SYN-0328,yes,1.0.0,ROUND_2,2025-04-26,2024-12-14,NORTH,N01,ENUM_03,yes,18_24,man,4,yes,yes,2025-04-04,leadership,5,2,3,yes,4,yes,printed_material,,23.7
SUB-0278,SYN-0278,yes,1.0.0,ROUND_2,2025-04-26,2025-01-09,SOUTH,S03,ENUM_06,yes,18_24,woman,5,yes,yes,2025-02-17,financial_skills,4,3,5,yes,4,yes,printed_material,,11.1
SUB-0168,SYN-0168,yes,1.0.0,ROUND_1,2025-06-22,2025-02-04,NORTH,N03,ENUM_02,yes,45_54,woman,5,no,no,,,,,,,4,no,,,23.8
SUB-0002,SYN-0002,yes,1.0.0,ROUND_1,2025-07-19,2025-04-19,WEST,W01,ENUM_03,yes,18_24,man,6,no,no,,,,,,,3,no,,,8.3
SUB-0274,SYN-0274,yes,1.0.0,ROUND_1,2025-09-20,2025-08-21,EAST,E02,ENUM_04,yes,45_54,woman,2,no,no,,,,,,,4,no,,,6.5
SUB-0178,SYN-0178,yes,1.0.0,ROUND_1,2025-08-22,2025-06-15,WEST,W01,ENUM_06,yes,35_44,man,7,no,no,2025-08-22,digital_skills,4,2,4,yes,5,no,,A follow-up session on digital tools would be helpful.,10.8
SUB-0375,SYN-0375,yes,1.0.0,ROUND_2,2025-09-02,2025-05-05,WEST,W01,ENUM_04,yes,45_54,man,10,no,yes,2025-06-25,financial_skills,2,4,5,no,4,yes,printed_material,,12.3
SUB-0235,SYN-0235,yes,1.0.0,ROUND_2,2025-09-04,2025-08-01,WEST,W01,ENUM_07,yes,35_44,woman,3,no,yes,2025-08-12,digital_skills,4,3,4,yes,5,no,,,16.1
SUB-0008,SYN-0008,yes,1.0.0,ROUND_2,2025-04-16,2025-02-14,NORTH,N03,ENUM_07,yes,18_24,woman,5,no,no,,,,,,,4,no,,,13.8
SUB-0250,SYN-0250,yes,1.0.0,ROUND_2,2025-09-21,2025-04-25,SOUTH,S03,ENUM_06,yes,35_44,woman,2,no,yes,2025-08-11,financial_skills,4,3,5,no,5,no,,,12.3
SUB-0085,SYN-0085,yes,1.0.0,ROUND_2,2025-09-14,2025-05-18,SOUTH,S02,ENUM_07,yes,35_44,man,4,no,yes,2025-06-08,planning,2,4,5,yes,5,no,,,19.1
SUB-0135,SYN-0135,yes,1.0.0,ROUND_2,2025-04-22,2025-01-30,WEST,W01,ENUM_08,yes,18_24,woman,4,yes,no,2025-04-22,digital_skills,4,2,4,yes,4,no,,,10.0
SUB-0272,SYN-0272,yes,1.0.0,ROUND_1,2025-08-19,2025-05-09,SOUTH,S03,ENUM_07,yes,18_24,man,3,no,yes,2025-05-19,digital_skills,4,2,2,yes,3,yes,community_meeting,,10.6
SUB-0073,SYN-0073,yes,1.0.0,ROUND_1,2025-08-29,2025-09-12,EAST,E03,ENUM_04,yes,18_24,woman,5,no,yes,2025-05-28,financial_skills,3,4,4,yes,5,yes,radio,,17.5
SUB-0144,SYN-0144,yes,1.0.0,ROUND_2,2025-06-07,2025-03-13,WEST,,ENUM_07,yes,35_44,woman,6,no,yes,2025-03-21,financial_skills,3,2,3,yes,3,no,,,4.0
SUB-0103,SYN-0103,yes,1.0.0,ROUND_1,2025-05-04,2024-12-06,NORTH,N03,ENUM_06,yes,25_34,man,8,yes,yes,2024-12-11,leadership,4,3,3,yes,2,no,,,27.4
SUB-0017,SYN-0017,yes,1.0.0,ROUND_2,2025-09-15,2025-04-21,EAST,E02,ENUM_07,yes,55_plus,woman,6,no,yes,2025-08-26,financial_skills,1,1,2,no,3,no,,,21.2
SUB-0094,SYN-0094,yes,1.0.0,ROUND_1,2025-08-31,2025-05-10,SOUTH,S03,ENUM_01,yes,45_54,man,6,no,yes,2025-07-20,leadership,5,3,5,no,3,yes,community_meeting,A location closer to the community would improve attendance.,16.7
SUB-0062,SYN-0062,yes,1.0.0,ROUND_1,2025-08-22,2025-07-22,SOUTH,S03,ENUM_02,yes,45_54,man,5,yes,yes,2025-07-30,planning,3,3,4,no,4,yes,community_meeting,,27.9
SUB-0182,SYN-0182,yes,1.0.0,ROUND_1,2025-05-14,2025-04-10,NORTH,N02,ENUM_05,yes,55_plus,non_binary,4,no,yes,2025-04-16,leadership,4,3,4,yes,3,no,,,24.7
SUB-0007,SYN-0007,yes,1.0.0,ROUND_2,2025-08-15,2025-04-03,SOUTH,S02,ENUM_01,yes,35_44,non_binary,5,no,yes,2025-04-15,digital_skills,4,4,5,yes,2,yes,printed_material,,4.0
SUB-0195,SYN-0195,yes,1.0.0,ROUND_1,2025-06-30,2025-03-11,NORTH,N03,ENUM_05,yes,35_44,man,4,no,yes,2025-06-18,leadership,2,1,2,yes,4,no,,,18.8
SUB-0365,SYN-0365,yes,1.0.0,ROUND_1,2025-08-17,2025-06-16,WEST,W01,ENUM_01,yes,35_44,woman,5,no,yes,2025-06-20,financial_skills,1,3,4,yes,4,yes,radio,The facilitator explained the topic clearly and respectfully.,9.3
SUB-0013,SYN-0013,yes,1.0.0,ROUND_2,2025-07-22,2025-05-13,SOUTH,S03,ENUM_07,yes,25_34,man,7,no,no,,,,,,,5,no,,,11.0
SUB-0262,SYN-0262,yes,1.0.0,ROUND_2,2025-06-23,2025-03-06,WEST,W01,ENUM_08,yes,18_24,prefer_not,4,no,yes,2025-06-03,digital_skills,4,3,5,no,5,no,,,19.2
SUB-0289,SYN-0289,yes,1.0.0,ROUND_1,2025-06-05,2025-01-31,SOUTH,S01,ENUM_07,yes,25_34,,5,yes,yes,2025-02-11,leadership,4,1,1,yes,2,no,,I have already used one of the planning tools from the session.,14.8
SUB-0207,SYN-0207,yes,1.0.0,ROUND_1,2025-06-25,2025-04-20,EAST,E01,ENUM_08,yes,45_54,man,9,no,no,,,,,,,2,no,,,12.5
SUB-0155,SYN-0155,yes,1.0.0,ROUND_1,2025-04-20,2024-12-18,WEST,W03,ENUM_02,yes,25_34,non_binary,4,no,yes,2025-04-01,financial_skills,4,3,4,no,3,no,,,15.6
SUB-0162,SYN-0162,yes,1.0.0,ROUND_2,2025-07-04,2025-03-19,WEST,W01,ENUM_04,yes,25_34,woman,4,no,yes,2025-04-11,leadership,4,3,4,yes,5,yes,radio,The practical examples made the sessions easier to understand.,19.9
SUB-0240,SYN-0240,yes,1.0.0,ROUND_2,2025-08-16,2025-06-28,NORTH,N03,ENUM_01,yes,45_54,woman,6,no,yes,2025-08-04,leadership,3,3,4,no,4,no,,The facilitator explained the topic clearly and respectfully.,32.3
SUB-0344,SYN-0344,yes,1.0.0,ROUND_1,2025-09-20,2025-06-11,WEST,W03,ENUM_01,yes,35_44,man,7,no,yes,2025-07-07,planning,5,4,5,yes,2,no,,I would like more examples about budgeting and record keeping.,20.3
SUB-0149,SYN-0149,yes,1.0.0,ROUND_2,2025-08-25,2025-04-16,EAST,E01,ENUM_03,yes,25_34,man,6,no,yes,2025-08-03,digital_skills,4,4,5,no,3,no,,,20.9
SUB-0404,SYN-0404,yes,1.0.0,ROUND_1,2025-04-11,2025-01-26,WEST,W03,ENUM_02,yes,25_34,man,3,no,yes,2025-04-03,leadership,5,4,5,yes,3,no,,,18.9
SUB-0407,SYN-0407,yes,1.0.0,ROUND_2,2025-07-03,2025-05-08,EAST,E02,ENUM_05,yes,25_34,woman,4,no,yes,2025-06-06,digital_skills,3,4,5,no,2,no,,,10.7
SUB-0211,SYN-0211,yes,1.0.0,ROUND_1,2025-07-26,2025-05-09,WEST,W03,ENUM_05,yes,25_34,non_binary,8,no,yes,2025-06-09,financial_skills,5,3,4,no,1,no,,,17.8
SUB-0081,SYN-0081,yes,1.0.0,ROUND_2,2025-08-29,2025-06-09,WEST,W02,ENUM_06,yes,25_34,woman,7,yes,yes,2025-06-18,financial_skills,1,3,3,no,5,no,,,18.1
SUB-0043,SYN-0043,yes,1.0.0,ROUND_2,2025-04-28,2024-12-25,EAST,E02,ENUM_07,yes,25_34,woman,3,no,yes,2025-02-27,planning,4,3,5,no,4,no,,,21.1
SUB-0199,SYN-0199,yes,1.0.0,ROUND_1,2025-05-14,2025-02-11,EAST,E02,ENUM_04,yes,35_44,woman,6,no,yes,2025-02-20,leadership,4,4,5,no,1,no,,,28.1
SUB-0238,SYN-0238,yes,1.0.0,ROUND_1,2025-06-22,2025-02-25,EAST,E01,ENUM_02,yes,18_24,man,4,no,yes,2025-02-26,financial_skills,5,1,1,yes,2,no,,,13.9
SUB-0177,SYN-0177,yes,1.0.0,ROUND_1,2025-07-19,2025-05-26,WEST,W02,ENUM_06,yes,55_plus,man,5,no,no,,,,,,,4,no,,,27.2
SUB-0381,SYN-0381,yes,1.0.0,ROUND_2,2025-09-16,2025-05-14,SOUTH,S01,ENUM_04,yes,25_34,man,3,no,no,,,,,,,3,no,,,14.6
SUB-0318,SYN-0318,yes,1.0.0,ROUND_1,2025-04-10,2025-01-28,NORTH,N02,ENUM_07,yes,25_34,man,3,no,yes,2025-04-05,digital_skills,3,3,5,no,4,no,,"The session was useful, but the timing conflicted with other responsibilities.",21.7
SUB-0107,SYN-0107,yes,1.0.0,ROUND_2,2025-05-16,2025-03-29,EAST,E01,ENUM_06,yes,55_plus,woman,5,yes,yes,2025-03-30,digital_skills,4,3,3,yes,4,no,,,13.7
SUB-0263,SYN-0263,yes,1.0.0,ROUND_1,2025-04-16,2024-12-14,NORTH,N03,ENUM_04,yes,35_44,woman,5,no,yes,2025-02-11,financial_skills,4,3,5,yes,3,no,,,10.0
SUB-0016,SYN-0016,yes,1.0.0,ROUND_1,2025-06-26,2025-05-03,WEST,W01,ENUM_08,yes,55_plus,woman,6,no,yes,2025-06-06,planning,3,4,5,yes,5,no,,,23.0
SUB-0127,SYN-0127,yes,1.0.0,ROUND_2,2025-04-14,2024-12-14,NORTH,N03,ENUM_03,yes,25_34,man,5,no,yes,2025-02-20,financial_skills,4,3,3,yes,3,yes,printed_material,,10.8
SUB-0305,SYN-0305,yes,1.0.0,ROUND_1,2025-08-16,2025-07-14,WEST,W02,ENUM_04,yes,18_24,man,4,yes,yes,2025-07-22,planning,3,1,3,no,5,yes,radio,,6.3
SUB-0351,SYN-0351,yes,1.0.0,ROUND_2,2025-08-28,2025-07-03,WEST,W01,ENUM_08,yes,25_34,man,7,no,yes,2025-08-09,leadership,5,2,4,yes,4,no,,Travel to the meeting location was difficult during bad weather.,31.8
SUB-0115,SYN-0115,yes,1.0.0,ROUND_1,2025-07-23,2025-03-28,WEST,W01,ENUM_06,yes,35_44,man,2,no,yes,2025-04-25,financial_skills,4,3,5,yes,4,no,,,21.9
SUB-0045,SYN-0045,yes,1.0.0,ROUND_2,2025-08-20,2025-07-07,NORTH,N03,ENUM_07,yes,18_24,man,9,no,yes,2025-08-06,digital_skills,4,1,1,yes,3,yes,radio,,19.4
SUB-0313,SYN-0313,yes,1.0.0,ROUND_1,2025-09-01,2025-04-27,EAST,E01,ENUM_03,yes,18_24,man,7,no,yes,2025-06-23,financial_skills,4,4,4,yes,5,no,,,11.1
SUB-0332,SYN-0332,yes,1.0.0,ROUND_2,2025-06-27,2025-04-08,NORTH,N03,ENUM_04,yes,25_34,man,5,no,yes,2025-05-30,digital_skills,4,2,3,no,3,yes,printed_material,"The session was useful, but the timing conflicted with other responsibilities.",19.6
SUB-0298,SYN-0298,yes,1.0.0,ROUND_2,2025-08-28,2025-07-22,NORTH,N01,ENUM_08,yes,,woman,5,no,no,,,,,,,2,no,,,14.3
SUB-0312,SYN-0312,yes,1.0.0,ROUND_2,2025-08-28,2025-06-25,SOUTH,S01,ENUM_02,yes,35_44,man,3,no,yes,2025-07-17,planning,3,3,4,yes,5,no,,,19.5
SUB-0044,SYN-0044,yes,1.0.0,ROUND_2,2025-06-04,2025-04-30,SOUTH,S02,ENUM_05,yes,45_54,woman,10,yes,yes,2025-05-05,financial_skills,5,4,5,yes,4,yes,printed_material,,15.5
SUB-0330,SYN-0330,yes,1.0.0,ROUND_1,2025-04-22,2025-01-22,EAST,E02,ENUM_04,yes,25_34,woman,5,no,yes,2025-03-07,leadership,2,1,2,no,2,no,,,24.1
SUB-0150,SYN-0150,yes,1.0.0,ROUND_2,2025-09-12,2025-07-13,WEST,W03,ENUM_06,yes,18_24,woman,5,no,no,,,,,,,4,no,,,19.1
SUB-0192,SYN-0192,yes,1.0.0,ROUND_2,2025-05-31,2025-02-13,CENTRAL,E03,ENUM_02,yes,25_34,woman,3,no,yes,2025-04-25,digital_skills,4,2,4,no,3,no,,,15.9
SUB-0091,SYN-0091,yes,1.0.0,ROUND_1,2025-06-05,2025-02-02,NORTH,N01,ENUM_01,yes,45_54,woman,8,no,no,,,,,,,4,no,,,7.7
SUB-0079,SYN-0079,yes,1.0.0,ROUND_2,2025-06-24,2025-03-01,SOUTH,S01,ENUM_06,yes,25_34,woman,5,no,no,,,,,,,3,no,,,11.5
SUB-0136,SYN-0136,yes,1.0.0,ROUND_2,2025-07-28,2025-05-03,SOUTH,S02,ENUM_05,yes,55_plus,woman,8,no,yes,2025-07-25,digital_skills,5,2,3,no,3,no,,,11.4
SUB-0401,SYN-0401,yes,1.0.0,ROUND_1,2025-08-06,2025-03-16,EAST,E02,ENUM_02,yes,35_44,woman,5,no,yes,2025-07-28,digital_skills,4,4,4,no,4,no,,,25.7
SUB-0161,SYN-0161,yes,1.0.0,ROUND_2,2025-06-20,2025-04-15,EAST,E02,ENUM_08,yes,45_54,woman,5,no,yes,2025-04-19,digital_skills,4,4,5,yes,2,no,,More time for questions and practice would improve the training.,12.4
SUB-0261,SYN-0261,yes,1.0.0,ROUND_1,2025-08-21,2025-06-24,NORTH,N02,ENUM_04,yes,25_34,man,7,no,yes,2025-08-21,leadership,4,3,4,no,4,no,,I would like more examples about budgeting and record keeping.,21.3
SUB-0157,SYN-0157,yes,1.0.0,ROUND_2,2025-09-02,2025-05-31,WEST,W01,ENUM_07,yes,18_24,man,3,no,yes,2025-06-21,digital_skills,5,3,3,yes,4,no,,,14.4
SUB-0239,SYN-0239,yes,1.0.0,ROUND_1,2025-07-13,2025-06-02,EAST,E02,ENUM_06,yes,18_24,man,8,no,yes,2025-07-12,planning,5,2,2,yes,4,yes,radio,,19.5
SUB-0233,SYN-0233,yes,1.0.0,ROUND_2,2025-07-13,2025-03-21,NORTH,N01,ENUM_02,yes,25_34,woman,2,no,yes,2024-12-15,planning,4,2,4,yes,1,no,,,22.4
SUB-0230,SYN-0230,yes,1.0.0,ROUND_2,2025-09-27,2025-08-05,EAST,E01,ENUM_08,yes,25_34,woman,3,no,yes,2025-09-13,planning,2,2,3,yes,4,yes,community_meeting,,13.1
SUB-0256,SYN-0256,yes,1.0.0,ROUND_2,2025-04-08,2024-12-29,SOUTH,S03,ENUM_05,yes,45_54,man,7,no,yes,2025-02-16,financial_skills,4,4,5,yes,4,no,,,15.2
SUB-0096,SYN-0096,yes,1.0.0,ROUND_1,2025-08-16,2025-04-20,WEST,W03,ENUM_04,yes,25_34,man,8,no,yes,2025-07-10,planning,4,4,4,yes,5,no,,,8.5
SUB-0010,SYN-0010,yes,1.0.0,ROUND_2,2025-05-09,2025-03-04,EAST,E01,ENUM_07,yes,35_44,man,11,no,yes,2025-03-17,planning,4,1,3,yes,4,no,,,11.7
SUB-0128,SYN-0128,yes,1.0.0,ROUND_2,2025-06-22,2025-05-21,,W01,ENUM_05,yes,35_44,man,4,no,yes,2025-05-24,leadership,4,4,5,yes,3,no,,,18.3
SUB-0342,SYN-0342,yes,1.0.0,ROUND_1,2025-04-28,2025-03-08,EAST,E01,ENUM_02,yes,18_24,man,5,no,no,,,,,,,5,no,,,18.2
SUB-0297,SYN-0297,yes,1.0.0,ROUND_1,2025-08-27,2025-06-21,WEST,W03,ENUM_01,yes,35_44,man,5,no,yes,2025-07-19,financial_skills,5,1,1,yes,4,yes,community_meeting,Shorter sessions on more days would be easier to attend.,12.0
SUB-0226,SYN-0226,yes,1.0.0,ROUND_2,2025-07-13,2025-05-12,NORTH,N03,ENUM_08,yes,35_44,woman,6,no,yes,2025-06-16,planning,5,4,5,yes,3,no,,,9.2
SUB-0203,SYN-0203,yes,1.0.0,ROUND_1,2025-06-06,2025-04-19,EAST,E02,ENUM_07,yes,25_34,man,6,no,yes,2025-05-07,leadership,3,1,2,yes,4,no,,,18.1
SUB-0071,SYN-0071,yes,1.0.0,ROUND_1,2025-06-21,2025-03-03,SOUTH,S03,ENUM_08,yes,45_54,man,4,no,yes,2025-05-25,leadership,5,3,4,no,4,no,,,16.1
SUB-0243,SYN-0243,yes,1.0.0,ROUND_1,2025-07-26,2025-06-21,EAST,E01,ENUM_02,yes,55_plus,non_binary,3,no,yes,2025-07-03,planning,2,4,4,yes,3,no,,The group activities helped me learn from other participants.,18.0
SUB-0156,SYN-0156,yes,1.0.0,ROUND_2,2025-04-29,2025-03-25,SOUTH,S01,ENUM_03,yes,35_44,man,6,no,yes,2025-04-20,financial_skills,2,3,5,yes,5,no,,,13.1
SUB-0066,SYN-0066,yes,1.0.0,ROUND_1,2025-09-15,2025-05-27,NORTH,N02,ENUM_08,yes,35_44,woman,3,no,yes,2025-07-25,leadership,4,3,4,no,3,no,,,21.4
SUB-0403,SYN-0403,yes,1.0.0,ROUND_1,2025-05-09,2025-03-10,SOUTH,S03,ENUM_04,yes,25_34,man,5,yes,yes,2025-03-19,leadership,4,4,5,yes,3,yes,community_meeting,Travel to the meeting location was difficult during bad weather.,21.5
SUB-0049,SYN-0049,yes,1.0.0,ROUND_2,2025-05-26,2025-03-10,NORTH,N02,ENUM_04,yes,25_34,man,5,no,no,,,,,,,4,no,,,20.2
SUB-0275,SYN-0275,yes,1.0.0,ROUND_2,2025-05-06,2025-03-22,EAST,E03,ENUM_01,yes,25_34,woman,3,no,no,,,,,,,3,no,,,14.0
SUB-0251,SYN-0251,yes,1.0.0,ROUND_1,2025-06-18,2025-04-03,NORTH,N01,ENUM_06,yes,35_44,man,5,no,yes,2025-06-08,planning,4,2,3,yes,1,yes,community_meeting,,19.4
SUB-0086,SYN-0086,yes,1.0.0,ROUND_2,2025-08-08,2025-03-15,WEST,W01,ENUM_06,yes,18_24,man,6,no,yes,2025-03-25,financial_skills,5,1,3,no,5,yes,radio,,21.5
SUB-0138,SYN-0138,yes,1.0.0,ROUND_1,2025-05-05,2024-12-28,NORTH,N03,ENUM_01,yes,35_44,woman,5,no,yes,2025-01-13,planning,5,3,4,yes,4,no,,,20.7
SUB-0080,SYN-0080,yes,1.0.0,ROUND_1,2025-08-17,2025-04-17,WEST,W03,ENUM_08,yes,18_24,man,5,no,yes,2025-07-29,digital_skills,2,1,2,yes,4,no,,,30.4
SUB-0123,SYN-0123,yes,1.0.0,ROUND_2,2025-05-04,2025-02-16,WEST,W01,ENUM_02,yes,45_54,man,4,no,no,,,,,,,5,no,,,18.9
SUB-0220,SYN-0220,yes,1.0.0,ROUND_2,2025-07-08,2025-02-23,EAST,E01,ENUM_01,yes,25_34,man,4,no,yes,2025-04-11,financial_skills,4,1,2,no,3,no,,,11.2
SUB-0271,SYN-0271,yes,1.0.0,ROUND_2,2025-06-12,2025-04-08,EAST,E03,ENUM_01,yes,25_34,woman,8,no,no,,,,,,,4,no,,,23.5
SUB-0391,SYN-0391,yes,1.0.0,ROUND_2,2025-05-19,2025-01-05,SOUTH,S01,ENUM_07,yes,35_44,woman,4,no,yes,2025-04-10,planning,3,4,5,yes,4,no,,,23.9
SUB-DUP-009,SYN-0398,yes,1.0.0,ROUND_2,2025-07-16,2025-05-25,SOUTH,S01,ENUM_07,yes,35_44,man,4,no,yes,2025-05-30,financial_skills,4,2,3,yes,1,no,,The facilitator explained the topic clearly and respectfully.,19.9
SUB-0326,SYN-0326,yes,1.0.0,ROUND_1,2025-04-06,2025-02-10,EAST,E01,ENUM_08,yes,18_24,man,3,no,no,,,,,,,3,no,,,29.9
SUB-0099,SYN-0099,yes,1.0.0,ROUND_2,2025-06-05,2025-03-03,EAST,E02,ENUM_04,yes,25_34,woman,5,no,yes,2025-05-03,digital_skills,5,1,1,yes,4,yes,printed_material,Printed materials would help people who cannot attend every session.,11.6
SUB-0231,SYN-0231,yes,1.0.0,ROUND_2,2025-07-08,2025-03-28,NORTH,N03,ENUM_07,yes,18_24,woman,5,no,no,,,,,,,4,no,,,19.2
SUB-0212,SYN-0212,yes,1.0.0,ROUND_2,2025-08-30,2025-04-15,WEST,W01,ENUM_07,yes,18_24,woman,5,no,yes,2025-07-10,leadership,5,4,5,yes,3,no,,,18.1
SUB-0180,SYN-0180,yes,1.0.0,ROUND_2,2025-04-05,2024-12-21,WEST,W02,ENUM_01,yes,18_24,woman,7,no,yes,2025-03-01,financial_skills,5,1,2,yes,5,no,,,19.7
SUB-0255,SYN-0255,yes,1.0.0,ROUND_1,2025-08-13,2025-05-08,EAST,E01,ENUM_03,yes,35_44,man,6,no,yes,2025-07-23,digital_skills,3,2,3,no,4,no,,,14.1
SUB-0252,SYN-0252,yes,1.0.0,ROUND_1,2025-08-27,2025-04-04,SOUTH,S01,ENUM_06,yes,25_34,woman,6,no,yes,2025-07-28,digital_skills,4,4,4,no,5,no,,,10.1
SUB-0236,SYN-0236,yes,1.0.0,ROUND_2,2025-08-04,2025-06-08,NORTH,N01,ENUM_01,yes,45_54,woman,4,no,no,,,,,,,4,no,,,7.1
SUB-0345,SYN-0345,yes,1.0.0,ROUND_1,2025-08-05,2025-04-20,WEST,W01,ENUM_01,yes,35_44,man,4,yes,yes,2025-05-04,planning,4,1,3,yes,5,no,,,19.1
SUB-0279,SYN-0279,yes,1.0.0,ROUND_2,2025-05-11,2025-03-12,SOUTH,S02,ENUM_02,yes,18_24,man,7,no,no,,,,,,,5,yes,community_meeting,,21.3
SUB-0314,SYN-0314,yes,1.0.0,ROUND_2,2025-06-04,2025-01-22,EAST,E03,ENUM_04,yes,25_34,woman,4,yes,yes,2025-06-04,digital_skills,5,2,3,no,2,no,,The facilitator explained the topic clearly and respectfully.,21.8
SUB-0006,SYN-0006,yes,1.0.0,ROUND_2,2025-08-22,2025-05-07,SOUTH,S03,ENUM_04,yes,18_24,man,2,no,yes,2025-05-10,planning,2,3,4,no,2,no,,More time for questions and practice would improve the training.,19.4
SUB-0122,SYN-0122,yes,1.0.0,,,,,,,no,,,,,,,,,,,,,,,,
SUB-DUP-003,SYN-0246,yes,1.0.0,ROUND_2,2025-06-13,2025-02-04,SOUTH,S03,ENUM_04,yes,18_24,man,1,no,yes,2025-04-21,digital_skills,4,3,4,yes,5,no,,,14.4
SUB-0083,SYN-0083,yes,1.0.0,ROUND_1,2025-06-23,2025-03-22,WEST,W01,ENUM_01,yes,25_34,woman,6,no,yes,2025-06-17,digital_skills,3,2,3,yes,5,no,,,20.7
SUB-0386,SYN-0386,yes,1.0.0,ROUND_1,2025-05-10,2025-02-14,WEST,W03,ENUM_08,yes,35_44,woman,3,no,yes,2025-03-28,financial_skills,4,3,3,yes,3,no,,,19.5
SUB-DUP-004,SYN-0056,yes,1.0.0,ROUND_2,2025-05-07,2025-03-17,SOUTH,S03,ENUM_05,yes,25_34,man,6,no,no,,,,,,,5,no,,,24.0
SUB-0336,SYN-0336,yes,1.0.0,ROUND_1,2025-09-19,2025-07-06,NORTH,N01,ENUM_04,yes,18_24,woman,3,no,no,,,,,,,4,yes,radio,,21.0
SUB-0018,SYN-0018,yes,1.0.0,ROUND_2,2025-09-23,2025-08-05,SOUTH,S01,ENUM_07,yes,25_34,woman,7,yes,yes,2025-09-14,financial_skills,4,3,4,yes,2,no,,,8.8
SUB-0065,SYN-0065,yes,1.0.0,ROUND_1,2025-05-20,2024-12-25,NORTH,N03,ENUM_01,yes,45_54,woman,6,no,yes,2025-03-27,planning,5,2,4,no,2,yes,printed_material,,13.1
SUB-0225,SYN-0225,yes,1.0.0,ROUND_2,2025-04-04,2024-11-15,SOUTH,S02,ENUM_07,yes,25_34,woman,6,no,no,,,,,,,3,no,,,17.7
SUB-0335,SYN-0335,yes,1.0.0,ROUND_1,2025-08-18,2025-06-16,EAST,E02,ENUM_02,yes,35_44,woman,5,no,yes,2025-08-15,digital_skills,4,4,4,yes,3,no,,,31.6
SUB-0300,SYN-0300,yes,1.0.0,ROUND_1,2025-07-25,2025-03-24,EAST,E03,ENUM_08,yes,35_44,man,4,no,yes,2025-07-07,planning,4,3,5,yes,3,yes,printed_material,,29.2
SUB-0394,SYN-0394,yes,1.0.0,ROUND_1,2025-04-07,2024-12-10,SOUTH,S02,ENUM_05,yes,45_54,woman,5,no,no,,,,,,,4,yes,printed_material,,16.4
SUB-0232,SYN-0232,yes,1.0.0,ROUND_2,2025-05-19,2025-01-26,EAST,E01,ENUM_07,yes,45_54,man,3,no,no,,,,,,,5,no,,,21.0
SUB-0321,SYN-0321,yes,1.0.0,ROUND_1,2025-05-08,2025-03-27,EAST,E02,ENUM_05,yes,18_24,woman,3,no,yes,2025-04-22,planning,3,4,5,no,4,yes,printed_material,The practical examples made the sessions easier to understand.,19.9
SUB-0371,SYN-0371,yes,1.0.0,ROUND_2,2025-05-28,2025-04-18,WEST,W02,ENUM_08,yes,35_44,man,7,no,yes,2025-05-25,planning,5,3,5,no,3,no,,,9.3
SUB-0104,SYN-0104,yes,1.0.0,ROUND_1,2025-07-06,2025-06-06,SOUTH,S01,ENUM_05,yes,25_34,woman,7,no,no,,,,,,,3,no,,,15.4
SUB-0347,SYN-0347,yes,1.0.0,ROUND_1,2025-05-25,2025-01-23,EAST,E02,ENUM_08,yes,18_24,man,6,no,yes,2025-04-09,financial_skills,5,3,4,yes,3,no,,The practical examples made the sessions easier to understand.,18.4
SUB-0377,SYN-0377,yes,1.0.0,ROUND_2,2025-07-08,2025-04-26,EAST,E02,ENUM_03,yes,55_plus,woman,2,no,yes,2025-05-26,digital_skills,5,4,4,yes,3,no,,,23.4
SUB-0361,SYN-0361,yes,1.0.0,ROUND_2,2025-06-14,2025-01-18,SOUTH,S03,ENUM_01,yes,45_54,man,9,no,no,,,,,,,4,no,,,20.7
SUB-0003,SYN-0003,yes,1.0.0,ROUND_1,2025-08-04,2025-03-24,NORTH,N01,ENUM_06,yes,25_34,man,4,yes,no,,,,,,,5,no,,,16.6
SUB-0378,SYN-0378,yes,1.0.0,ROUND_2,2025-05-26,2025-03-03,WEST,W01,ENUM_04,yes,55_plus,woman,4,no,yes,2025-04-09,planning,5,1,1,yes,4,yes,community_meeting,,22.0
SUB-0072,SYN-0072,yes,1.0.0,ROUND_1,2025-05-21,2025-04-03,SOUTH,S02,ENUM_04,yes,35_44,woman,4,no,no,,,,,,,3,no,,,24.0
SUB-0383,SYN-0383,yes,1.0.0,ROUND_1,2025-08-03,2025-06-03,SOUTH,S01,ENUM_08,yes,45_54,man,6,no,yes,2025-06-23,digital_skills,5,1,1,no,1,no,,,26.5
SUB-0035,SYN-0035,yes,1.0.0,ROUND_2,2025-04-02,2024-11-24,NORTH,N02,ENUM_01,yes,45_54,man,4,no,yes,2025-01-17,financial_skills,4,2,2,no,1,no,,,10.3
SUB-0376,SYN-0376,yes,1.0.0,ROUND_2,2025-07-03,2025-03-27,SOUTH,S01,ENUM_08,yes,45_54,man,5,yes,yes,2025-05-02,digital_skills,4,1,2,no,2,no,,,18.6
SUB-0174,SYN-0174,yes,1.0.0,ROUND_1,2025-08-30,2025-04-24,WEST,W03,ENUM_03,yes,35_44,man,8,no,yes,2025-04-28,financial_skills,5,1,3,yes,4,no,,,26.9
SUB-0234,SYN-0234,yes,1.0.0,ROUND_2,2025-04-22,2025-02-20,EAST,E01,ENUM_01,yes,35_44,man,7,no,yes,2025-04-11,leadership,3,2,3,yes,5,no,,I would like more examples about budgeting and record keeping.,13.1
SUB-DUP-007,SYN-0395,yes,1.0.0,ROUND_2,2025-06-03,2025-04-28,EAST,E03,ENUM_01,yes,35_44,woman,9,no,yes,2025-06-03,digital_skills,4,4,5,yes,3,no,,,23.1
SUB-0356,SYN-0356,yes,1.0.0,ROUND_2,2025-08-29,2025-06-24,SOUTH,S02,ENUM_03,yes,25_34,man,7,no,no,,,,,,,4,no,,,19.9
SUB-0369,SYN-0369,yes,1.0.0,ROUND_2,2026-01-15,2025-02-11,EAST,E02,ENUM_06,yes,25_34,woman,6,no,yes,2025-02-18,financial_skills,4,2,2,yes,5,yes,printed_material,,21.4
SUB-0214,SYN-0214,yes,1.0.0,ROUND_2,2025-04-01,2025-02-19,EAST,E02,ENUM_08,yes,18_24,woman,8,no,yes,2025-03-07,planning,4,2,2,yes,2,no,,,13.6
SUB-0329,SYN-0329,yes,1.0.0,ROUND_1,2025-09-27,2025-08-20,NORTH,N01,ENUM_06,yes,55_plus,man,8,no,yes,2025-09-02,financial_skills,4,4,4,no,4,yes,printed_material,,1
SUB-0069,SYN-0069,yes,1.0.0,ROUND_1,2025-07-29,2025-03-19,EAST,E02,ENUM_99,yes,55_plus,man,4,no,yes,2025-07-25,leadership,4,3,3,yes,3,no,,Printed materials would help people who cannot attend every session.,6.6
SUB-0337,SYN-0337,yes,1.0.0,ROUND_2,2025-06-17,2025-01-26,NORTH,N02,ENUM_07,yes,45_54,woman,5,no,yes,2025-05-10,planning,3,2,3,no,4,no,,Travel to the meeting location was difficult during bad weather.,21.6
SUB-0113,SYN-0113,yes,1.0.0,ROUND_2,2025-09-12,2025-07-28,NORTH,N03,ENUM_05,yes,35_44,non_binary,5,no,yes,2025-08-28,leadership,4,3,5,no,3,no,,Shorter sessions on more days would be easier to attend.,22.4
SUB-0393,SYN-0393,yes,1.0.0,ROUND_1,2025-07-25,2025-04-08,EAST,E02,ENUM_05,yes,25_34,man,6,yes,yes,2025-05-29,financial_skills,5,3,4,yes,2,no,,,6.8
SUB-0175,SYN-0175,yes,1.0.0,ROUND_1,2025-04-27,2025-03-02,EAST,E03,ENUM_06,yes,45_54,woman,3,no,yes,2025-03-15,digital_skills,5,1,2,no,3,no,,,16.5
SUB-0171,SYN-0171,yes,1.0.0,ROUND_1,2025-05-05,2025-01-27,NORTH,N01,ENUM_04,yes,25_34,man,2,no,no,2025-05-05,digital_skills,4,2,4,yes,3,no,,,17.3
SUB-0030,SYN-0030,yes,1.0.0,ROUND_2,2025-06-07,2025-02-12,NORTH,N03,ENUM_08,yes,35_44,prefer_not,6,no,yes,2025-02-23,financial_skills,4,3,3,yes,4,no,,,22.8
SUB-0005,SYN-0005,yes,1.0.0,ROUND_2,2025-07-04,2025-03-17,EAST,E02,ENUM_06,yes,55_plus,man,3,no,yes,2025-04-22,financial_skills,3,2,3,no,3,no,,,14.8
SUB-0189,SYN-0189,yes,1.0.0,ROUND_2,2025-08-03,2025-05-06,SOUTH,S03,ENUM_07,yes,25_34,woman,4,no,yes,2025-06-12,digital_skills,4,1,2,yes,4,no,,,13.6
SUB-0367,SYN-0367,yes,1.0.0,ROUND_1,2025-08-07,2025-04-28,SOUTH,S02,ENUM_07,yes,35_44,woman,8,no,yes,2025-05-19,planning,3,1,2,yes,3,no,,,25.6
SUB-0410,SYN-0410,yes,1.0.0,ROUND_2,2025-06-10,2025-04-08,EAST,W01,ENUM_02,yes,25_34,man,5,yes,yes,2025-05-14,digital_skills,5,2,3,no,1,no,,,5.8
SUB-0205,SYN-0205,yes,1.0.0,ROUND_1,2025-04-03,2025-03-02,WEST,W02,ENUM_01,yes,25_34,woman,9,no,yes,2025-03-09,planning,4,4,5,yes,4,no,,,20.4
SUB-0349,SYN-0349,yes,1.0.0,,,,,,,no,,,,,,,,,,,,,,,,
SUB-0267,SYN-0267,yes,1.0.0,ROUND_2,2025-06-09,2025-02-17,NORTH,N01,ENUM_06,yes,25_34,woman,5,no,yes,2025-06-06,digital_skills,2,4,5,yes,2,yes,community_meeting,,26.9
SUB-0216,SYN-0216,yes,1.0.0,ROUND_1,2025-04-01,2025-02-05,EAST,W01,ENUM_04,yes,18_24,woman,7,no,yes,2025-03-17,digital_skills,5,1,3,yes,4,yes,radio,,23.8
SUB-0140,SYN-0140,yes,1.0.0,ROUND_2,2025-09-13,2025-05-19,SOUTH,S01,ENUM_01,yes,18_24,man,4,no,yes,2025-08-06,other_invalid,5,1,2,no,3,no,,The activity should start earlier so participants can travel home safely.,15.6
SUB-0024,SYN-0024,yes,1.0.0,,,,,,,no,,,,,,,,,,,,,,,,
SUB-0241,SYN-0241,yes,1.0.0,ROUND_1,2025-07-07,2025-04-02,WEST,W01,ENUM_06,yes,45_54,man,4,yes,yes,2025-04-23,planning,5,4,4,no,3,yes,radio,,27.0
SUB-0292,SYN-0292,yes,1.0.0,ROUND_2,2025-05-10,2024-12-24,SOUTH,S02,ENUM_08,yes,25_34,woman,8,no,no,,,,,,,4,no,,,8.8
SUB-0037,SYN-0037,yes,1.0.0,ROUND_2,2025-07-22,2025-03-11,EAST,E02,ENUM_07,yes,18_24,woman,8,no,yes,2025-05-19,planning,3,4,5,yes,4,no,,,28.0
SUB-0215,SYN-0215,yes,1.0.0,ROUND_1,2025-07-25,2025-03-04,SOUTH,S02,ENUM_04,yes,25_34,man,7,no,yes,2025-07-25,planning,9,2,3,no,1,no,,,22.0
SUB-0201,SYN-0201,yes,1.0.0,ROUND_2,2025-08-24,2025-07-15,NORTH,N01,ENUM_02,yes,25_34,woman,1,no,yes,2025-08-13,leadership,5,1,2,yes,3,no,,,15.4
SUB-0316,SYN-0316,yes,1.0.0,ROUND_1,2025-06-14,2025-04-05,WEST,W02,ENUM_02,yes,25_34,man,8,no,no,,,,,,,3,no,,,19.4
SUB-0270,SYN-0270,yes,1.0.0,ROUND_1,2025-05-21,2025-01-03,EAST,E02,ENUM_02,yes,55_plus,man,5,no,yes,2025-02-22,planning,5,3,5,no,4,yes,printed_material,,11.3
SUB-0154,SYN-0154,yes,1.0.0,ROUND_1,2025-08-13,2025-05-14,NORTH,N03,ENUM_04,yes,45_54,man,5,no,yes,2025-07-08,digital_skills,5,4,5,no,3,no,,I would like more examples about budgeting and record keeping.,18.0
SUB-0026,SYN-0026,yes,1.0.0,ROUND_2,2025-05-14,2025-02-23,EAST,E01,ENUM_02,yes,35_44,man,4,no,yes,2025-03-03,planning,4,3,5,yes,4,no,,The facilitator explained the topic clearly and respectfully.,17.4
SUB-0067,SYN-0067,yes,1.0.0,ROUND_2,2025-04-17,2025-03-07,NORTH,N02,ENUM_01,yes,25_34,man,3,no,yes,2025-04-02,planning,3,3,4,yes,4,no,,A location closer to the community would improve attendance.,26.4
SUB-0197,SYN-0197,yes,1.0.0,ROUND_2,2025-09-25,2025-06-24,SOUTH,E01,ENUM_01,yes,25_34,woman,3,yes,yes,2025-09-05,digital_skills,3,2,3,yes,3,no,,,22.6
SUB-0309,SYN-0309,yes,1.0.0,ROUND_1,2025-04-10,2024-11-15,EAST,E02,ENUM_06,yes,18_24,man,99,no,yes,2024-12-09,digital_skills,5,1,2,yes,4,no,,,17.0
SUB-0286,SYN-0286,yes,1.0.0,ROUND_2,2025-06-10,2025-04-14,WEST,W03,ENUM_08,yes,18_24,man,8,no,no,,,,,,,4,no,,,13.1
SUB-0012,SYN-0012,yes,1.0.0,ROUND_2,2025-05-27,2025-02-16,WEST,W03,ENUM_08,yes,35_44,woman,3,no,yes,2025-04-18,leadership,4,2,4,yes,4,no,,More time for questions and practice would improve the training.,29.6
SUB-0315,SYN-0315,yes,1.0.0,ROUND_2,2025-05-20,2025-02-24,EAST,E01,ENUM_07,yes,25_34,man,7,no,yes,2025-05-13,planning,4,2,3,yes,4,no,,A follow-up session on digital tools would be helpful.,28.8
SUB-0283,SYN-0283,yes,1.0.0,ROUND_2,2025-04-27,2024-12-29,EAST,E01,ENUM_06,yes,25_34,woman,7,no,yes,2025-02-04,planning,5,3,4,yes,3,yes,community_meeting,,20.9
SUB-0061,SYN-0061,yes,1.0.0,ROUND_2,2025-08-28,2025-05-04,NORTH,N03,ENUM_04,yes,18_24,prefer_not,3,no,yes,2025-05-21,financial_skills,3,2,2,yes,5,no,,,26.1
SUB-0408,SYN-0408,yes,1.0.0,ROUND_2,2025-07-09,2025-02-15,NORTH,N01,ENUM_02,yes,25_34,man,6,no,yes,2025-05-05,financial_skills,4,1,3,yes,3,yes,radio,I have already used one of the planning tools from the session.,13.8
SUB-0380,SYN-0380,yes,1.0.0,ROUND_1,2025-09-25,2025-07-13,SOUTH,S01,ENUM_04,yes,45_54,man,4,yes,no,,,,,,,4,no,,,25.8
SUB-0033,SYN-0033,yes,1.0.0,ROUND_2,2025-05-04,2025-01-16,WEST,W03,ENUM_05,yes,25_34,woman,4,yes,no,2025-05-04,digital_skills,4,2,4,yes,2,no,,,17.5
SUB-0322,SYN-0322,yes,1.0.0,ROUND_1,2025-06-03,2025-01-15,EAST,E02,ENUM_05,yes,45_54,man,4,no,no,,,,,,,5,yes,printed_material,,7.1
SUB-0341,SYN-0341,yes,1.0.0,ROUND_2,2025-08-23,2025-04-07,NORTH,N03,ENUM_08,yes,35_44,woman,45,no,yes,2025-08-04,financial_skills,4,1,2,yes,4,yes,printed_material,,11.5
SUB-0390,SYN-0390,yes,1.0.0,ROUND_2,2025-06-27,2025-05-17,NORTH,N01,ENUM_06,yes,45_54,man,6,no,no,,,,,,,5,no,,,11.4
SUB-0040,SYN-0040,yes,1.0.0,ROUND_1,2025-06-06,2025-03-29,EAST,E03,ENUM_04,yes,18_24,man,3,no,yes,2025-04-03,digital_skills,4,2,4,yes,5,no,,,15.5
SUB-0023,SYN-0023,yes,1.0.0,ROUND_1,2025-06-16,2025-03-18,SOUTH,S02,ENUM_03,yes,35_44,non_binary,7,yes,no,,,,,,,5,no,,,4.0
SUB-0114,SYN-0114,yes,1.0.0,ROUND_1,2025-09-08,2025-07-15,NORTH,N03,ENUM_06,yes,35_44,woman,7,no,yes,2025-08-10,digital_skills,3,4,5,no,5,no,,,23.7
SUB-0358,SYN-0358,yes,1.0.0,ROUND_2,2025-04-24,2025-03-19,SOUTH,,ENUM_02,yes,25_34,woman,7,no,yes,2025-03-22,digital_skills,4,3,4,yes,3,yes,printed_material,The group activities helped me learn from other participants.,14.3
SUB-0059,SYN-0059,yes,1.0.0,ROUND_1,2025-05-09,2025-02-03,EAST,E03,ENUM_05,yes,25_34,woman,7,yes,yes,2025-04-10,planning,4,4,4,yes,4,no,,,17.4
SUB-DUP-008,SYN-0296,yes,1.0.0,ROUND_2,2025-06-05,2025-01-22,EAST,E01,ENUM_02,yes,25_34,woman,10,no,yes,2025-03-04,planning,4,1,3,yes,4,no,,,25.6
SUB-0173,SYN-0173,yes,1.0.0,ROUND_2,2025-08-31,2025-04-28,WEST,W01,ENUM_05,yes,18_24,man,6,no,no,,,,,,,4,yes,radio,,18.8
SUB-0310,SYN-0310,yes,1.0.0,ROUND_2,2025-09-30,2025-07-15,NORTH,N01,ENUM_08,yes,35_44,prefer_not,5,yes,yes,2025-09-27,digital_skills,3,2,4,yes,5,no,,,13.1
SUB-0054,SYN-0054,yes,1.0.0,ROUND_1,2025-07-12,2025-03-11,WEST,W03,ENUM_07,yes,55_plus,woman,4,no,yes,2025-06-17,leadership,4,2,2,yes,2,no,,,19.2
SUB-0095,SYN-0095,yes,1.0.0,ROUND_2,2025-05-03,2024-12-28,EAST,E01,ENUM_08,yes,55_plus,woman,6,no,yes,2025-03-13,digital_skills,4,3,4,yes,2,no,,I would like more examples about budgeting and record keeping.,18.9
SUB-0041,SYN-0041,yes,1.0.0,ROUND_2,2025-08-08,2025-05-13,EAST,E03,ENUM_06,yes,55_plus,man,7,no,yes,2025-07-13,planning,4,1,3,yes,5,no,,The facilitator explained the topic clearly and respectfully.,17.8
SUB-0357,SYN-0357,yes,1.0.0,ROUND_2,2025-07-15,2025-06-14,EAST,E03,ENUM_04,yes,35_44,man,3,no,yes,2025-06-24,digital_skills,4,4,4,no,4,no,,,20.1
SUB-0343,SYN-0343,yes,1.0.0,ROUND_2,2025-06-30,2025-02-10,EAST,E01,ENUM_04,yes,18_24,woman,5,no,yes,2025-05-28,financial_skills,4,4,5,no,4,no,,Printed materials would help people who cannot attend every session.,19.2
SUB-0181,SYN-0181,yes,1.0.0,ROUND_1,2025-05-09,2025-04-03,EAST,E02,ENUM_03,yes,25_34,woman,4,no,yes,2025-04-28,financial_skills,4,3,4,no,1,yes,radio,,24.9
SUB-0320,SYN-0320,yes,1.0.0,ROUND_1,2025-08-04,2025-05-19,SOUTH,S03,ENUM_04,yes,25_34,man,4,no,yes,2025-07-26,financial_skills,3,3,4,yes,4,no,,,16.9
SUB-0132,SYN-0132,yes,1.0.0,ROUND_2,2025-07-09,2025-05-26,NORTH,N01,ENUM_02,yes,25_34,man,4,yes,yes,2025-06-15,financial_skills,4,4,4,yes,4,yes,community_meeting,,13.4
SUB-0015,SYN-0015,yes,1.0.0,ROUND_2,2025-08-17,2025-05-04,NORTH,N02,ENUM_02,yes,25_34,woman,6,no,yes,2025-07-29,planning,3,1,3,yes,4,no,,,21.4
SUB-0248,SYN-0248,yes,1.0.0,ROUND_2,2025-07-16,2025-05-01,WEST,W03,ENUM_06,yes,25_34,woman,2,no,yes,2025-06-25,digital_skills,2,2,4,yes,4,no,,,16.9
SUB-0406,SYN-0406,yes,1.0.0,ROUND_1,2025-06-20,2025-02-16,EAST,E02,ENUM_07,yes,25_34,man,4,no,yes,2025-03-11,planning,1,4,5,yes,4,no,,,20.4
SUB-DUP-005,SYN-0206,yes,1.0.0,ROUND_2,2025-09-25,2025-05-24,EAST,E03,ENUM_03,yes,45_54,woman,5,no,yes,2025-05-27,financial_skills,5,3,5,yes,4,no,,I would like more examples about budgeting and record keeping.,15.6
SUB-0146,SYN-0146,yes,1.0.0,ROUND_2,2025-09-20,2025-06-12,EAST,E02,ENUM_06,yes,under_18,man,7,no,yes,2025-07-15,financial_skills,4,3,3,no,2,no,,,11.2
SUB-0208,SYN-0208,yes,1.0.0,ROUND_1,2025-05-13,2024-12-28,WEST,W03,ENUM_02,yes,25_34,man,4,yes,yes,2025-02-15,financial_skills,2,2,3,yes,3,no,,,15.7
SUB-0368,SYN-0368,yes,1.0.0,ROUND_1,2025-09-11,2025-07-02,WEST,W01,ENUM_03,yes,35_44,woman,7,no,yes,2025-08-31,digital_skills,1,3,4,yes,3,yes,community_meeting,The group activities helped me learn from other participants.,14.4
SUB-0082,SYN-0082,yes,1.0.0,ROUND_2,2025-08-28,2025-07-13,SOUTH,S03,ENUM_08,yes,45_54,woman,5,no,no,,,,,,,3,no,,,20.6
SUB-0388,SYN-0388,yes,1.0.0,ROUND_2,2025-05-11,2025-01-29,NORTH,X99,ENUM_03,yes,35_44,woman,8,no,yes,2025-02-22,digital_skills,4,4,5,no,4,yes,radio,,13.5
SUB-0172,SYN-0172,yes,1.0.0,ROUND_2,2025-04-08,2024-11-10,NORTH,N01,ENUM_03,yes,45_54,woman,2,no,yes,2025-03-08,leadership,5,3,4,no,4,no,,The group activities helped me learn from other participants.,10.3
SUB-0076,SYN-0076,yes,1.0.0,ROUND_2,2025-05-17,2025-01-09,EAST,E02,ENUM_07,yes,35_44,woman,5,no,yes,2025-05-14,digital_skills,4,1,3,yes,1,no,,,24.5
SUB-0385,SYN-0385,yes,1.0.0,ROUND_1,2025-07-26,2025-04-01,SOUTH,S03,ENUM_01,yes,45_54,woman,4,no,yes,2025-06-12,financial_skills,4,1,2,no,4,yes,community_meeting,,16.9
SUB-0102,SYN-0102,yes,1.0.0,ROUND_1,2025-05-07,2025-03-18,EAST,E03,ENUM_02,yes,35_44,woman,5,no,yes,2025-03-29,financial_skills,4,2,2,yes,4,no,,,20.3
SUB-0048,SYN-0048,yes,1.0.0,ROUND_1,2025-06-27,2025-05-07,SOUTH,S01,ENUM_03,yes,35_44,woman,9,no,no,,,,,,,3,no,,,7.8
SUB-0340,SYN-0340,yes,1.0.0,ROUND_2,2025-04-12,2025-02-08,WEST,W01,ENUM_08,yes,45_54,man,4,yes,yes,2025-03-17,planning,4,2,3,no,2,no,radio,I have already used one of the planning tools from the session.,19.7
SUB-0405,SYN-0405,yes,1.0.0,ROUND_1,2025-06-07,2025-01-17,NORTH,N01,ENUM_03,yes,25_34,man,5,no,yes,2025-03-02,planning,2,4,4,yes,5,no,,The group activities helped me learn from other participants.,4.0
SUB-0143,SYN-0143,yes,1.0.0,ROUND_2,2025-05-26,2025-01-13,EAST,E02,ENUM_04,yes,45_54,woman,7,yes,yes,2025-01-29,digital_skills,5,1,2,yes,2,no,,,15.5
SUB-DUP-010,SYN-0381,yes,1.0.0,ROUND_2,2025-09-16,2025-05-14,SOUTH,S01,ENUM_04,yes,25_34,man,3,no,no,,,,,,,3,no,,,14.6
SUB-0052,SYN-0052,yes,1.0.0,ROUND_1,2025-06-19,2025-04-26,SOUTH,S03,ENUM_06,yes,35_44,woman,8,no,no,,,,,,,2,no,,,22.0
SUB-0179,SYN-0179,yes,1.0.0,ROUND_2,2025-05-16,2024-12-24,WEST,W01,ENUM_08,yes,25_34,man,7,no,no,,,,,,,3,no,,,10.8
SUB-0409,SYN-0409,yes,1.0.0,ROUND_2,2025-08-04,2025-03-11,NORTH,N03,ENUM_01,yes,18_24,man,3,no,no,,,,,,,5,no,,,13.2
SUB-0046,SYN-0046,yes,1.0.0,ROUND_2,2025-05-05,2025-02-09,EAST,E01,ENUM_02,yes,35_44,woman,6,no,yes,2025-03-29,financial_skills,5,4,5,no,5,yes,community_meeting,,18.1
SUB-0246,SYN-0246,yes,1.0.0,ROUND_2,2025-06-13,2025-02-04,SOUTH,S03,ENUM_04,yes,18_24,man,1,no,yes,2025-04-21,digital_skills,4,3,4,yes,5,no,,,14.4
SUB-0167,SYN-0167,yes,1.0.0,ROUND_1,2025-08-15,2025-06-12,EAST,E03,ENUM_02,yes,25_34,woman,1,no,no,,,,,,,4,no,,,16.0
SUB-0291,SYN-0291,yes,1.0.0,ROUND_2,2025-05-25,2025-01-15,SOUTH,S03,ENUM_04,yes,45_54,woman,4,no,yes,2025-05-03,financial_skills,4,1,1,no,5,no,,,16.7
SUB-0306,SYN-0306,yes,1.0.0,ROUND_1,2025-09-07,2025-04-20,EAST,E02,ENUM_04,yes,55_plus,man,6,no,yes,2025-07-31,financial_skills,5,4,4,yes,4,no,,,18.1
SUB-0370,SYN-0370,yes,1.0.0,ROUND_2,2025-05-18,2025-04-07,WEST,W01,ENUM_07,yes,45_54,woman,6,no,yes,2025-04-19,planning,2,2,3,yes,4,no,,The group activities helped me learn from other participants.,17.7
SUB-0363,SYN-0363,yes,1.0.0,ROUND_2,2025-05-29,2025-01-23,NORTH,N02,ENUM_04,yes,25_34,woman,6,no,yes,2025-04-26,digital_skills,4,2,4,yes,4,yes,radio,,29.3
SUB-0070,SYN-0070,yes,1.0.0,ROUND_2,2025-08-11,2025-03-18,WEST,W02,ENUM_04,yes,45_54,woman,7,no,yes,2025-06-08,leadership,3,3,3,no,2,yes,radio,Printed materials would help people who cannot attend every session.,5.6
SUB-0364,SYN-0364,yes,1.0.0,ROUND_1,2025-04-25,2024-12-13,SOUTH,S01,ENUM_04,yes,18_24,woman,4,no,yes,2024-12-17,leadership,4,1,1,yes,4,no,,A location closer to the community would improve attendance.,18.7
SUB-0400,SYN-0400,yes,1.0.0,ROUND_2,2025-05-08,2025-03-26,EAST,E02,ENUM_03,yes,35_44,man,2,no,yes,2025-05-02,planning,4,1,2,no,2,yes,radio,,11.4
SUB-0009,SYN-0009,yes,1.0.0,ROUND_1,2025-07-21,2025-06-06,SOUTH,S02,ENUM_04,yes,18_24,woman,3,no,yes,2024-12-15,planning,4,2,4,yes,4,yes,community_meeting,,11.6
SUB-0384,SYN-0384,yes,1.0.0,ROUND_1,2025-09-20,2025-08-02,NORTH,N03,ENUM_06,yes,25_34,man,2,no,no,,,,,,,3,no,,,9.2
SUB-0022,SYN-0022,yes,1.0.0,ROUND_2,2025-07-30,2025-03-19,WEST,W03,ENUM_02,yes,55_plus,man,5,no,yes,2025-03-23,digital_skills,4,3,4,yes,3,yes,community_meeting,,16.0
SUB-0074,SYN-0074,yes,1.0.0,ROUND_1,2025-08-26,2025-05-27,SOUTH,S03,ENUM_06,yes,25_34,woman,6,no,yes,2025-08-16,financial_skills,4,1,2,yes,4,no,,Travel to the meeting location was difficult during bad weather.,21.8
SUB-0276,SYN-0276,yes,1.0.0,ROUND_1,2025-09-23,2025-05-16,EAST,E03,ENUM_02,yes,25_34,man,3,no,yes,2025-07-02,digital_skills,4,1,1,no,4,no,,,21.4
SUB-0227,SYN-0227,yes,1.0.0,ROUND_2,2025-06-12,2025-04-20,SOUTH,S02,ENUM_03,yes,45_54,woman,7,no,yes,2025-05-13,financial_skills,4,1,2,yes,2,no,,,18.9
SUB-0245,SYN-0245,yes,1.0.0,ROUND_1,2025-09-05,2025-06-25,NORTH,N02,ENUM_02,yes,45_54,man,3,no,yes,2025-08-04,planning,4,3,4,no,3,no,radio,More time for questions and practice would improve the training.,25.5
SUB-0325,SYN-0325,yes,1.0.0,ROUND_1,2025-06-14,2025-02-21,SOUTH,S01,ENUM_02,yes,35_44,man,4,yes,yes,2025-04-01,digital_skills,3,1,2,no,4,yes,radio,,14.7
SUB-0348,SYN-0348,yes,1.0.0,ROUND_2,2025-08-02,2025-05-20,SOUTH,S03,ENUM_05,yes,25_34,woman,4,no,no,,,,,,,2,no,,,24.9
SUB-0353,SYN-0353,yes,1.0.0,ROUND_2,2025-08-30,2025-06-02,NORTH,S01,ENUM_07,yes,45_54,woman,5,no,no,,,,,,,4,yes,printed_material,,11.7
SUB-0222,SYN-0222,yes,1.0.0,ROUND_2,2025-08-21,2025-03-26,WEST,W02,ENUM_06,yes,35_44,woman,4,yes,no,,,,,,,5,no,,,14.2
SUB-0164,SYN-0164,yes,1.0.0,ROUND_1,2025-06-04,2025-01-24,EAST,E02,ENUM_05,yes,35_44,woman,6,no,yes,2025-01-27,digital_skills,4,4,5,no,5,no,,,18.5
SUB-0202,SYN-0202,yes,1.0.0,ROUND_1,2025-07-03,2025-03-04,SOUTH,S02,ENUM_07,yes,25_34,man,5,no,no,,,,,,,3,no,,,18.2
SUB-0124,SYN-0124,yes,1.0.0,ROUND_2,2025-08-21,2025-05-15,WEST,W01,ENUM_07,yes,25_34,man,4,no,yes,2025-05-27,planning,5,3,5,yes,4,no,,,18.0
SUB-0176,SYN-0176,yes,1.0.0,ROUND_2,2025-06-26,2025-03-15,SOUTH,S03,ENUM_08,yes,25_34,woman,6,no,no,,,,,,,5,yes,community_meeting,,11.8
SUB-0398,SYN-0398,yes,1.0.0,ROUND_2,2025-07-16,2025-05-25,SOUTH,S01,ENUM_07,yes,35_44,man,4,no,yes,2025-05-30,financial_skills,4,2,3,yes,1,no,,The facilitator explained the topic clearly and respectfully.,19.9
SUB-0319,SYN-0319,yes,1.0.0,ROUND_2,2025-05-11,2024-12-28,WEST,W01,ENUM_03,yes,25_34,woman,2,no,yes,2024-12-28,planning,4,1,2,no,5,no,,,22.2
SUB-0109,SYN-0109,yes,1.0.0,ROUND_1,2025-07-16,2025-03-03,SOUTH,S02,ENUM_08,yes,35_44,man,7,no,no,,,,,,,4,no,,,16.1
SUB-0186,SYN-0186,yes,1.0.0,ROUND_2,2025-06-25,2025-03-27,SOUTH,S01,ENUM_07,yes,18_24,woman,5,no,yes,2025-06-03,digital_skills,4,1,3,yes,2,yes,radio,The practical examples made the sessions easier to understand.,30.9
SUB-0265,SYN-0265,yes,1.0.0,ROUND_1,2025-07-07,2025-03-20,EAST,E01,ENUM_03,yes,45_54,woman,4,no,no,,,,,,,4,no,,,13.8
SUB-0311,SYN-0311,yes,1.0.0,ROUND_2,2025-06-08,2025-04-16,NORTH,N01,ENUM_06,yes,,woman,3,no,no,,,,,,,5,no,,,11.1
SUB-0112,SYN-0112,yes,1.0.0,ROUND_1,2025-07-24,2025-03-14,WEST,W01,ENUM_07,yes,18_24,non_binary,3,no,no,,,,,,,4,yes,community_meeting,,16.0
SUB-DUP-001,SYN-0239,yes,1.0.0,ROUND_1,2025-07-13,2025-06-02,EAST,E02,ENUM_06,yes,18_24,man,8,no,yes,2025-07-12,planning,5,2,2,yes,4,yes,radio,,19.5
SUB-0060,SYN-0060,yes,1.0.0,ROUND_2,2025-05-12,2025-03-31,EAST,E02,ENUM_02,yes,25_34,woman,5,no,yes,2025-05-11,leadership,2,2,3,yes,5,no,,,19.7
SUB-0111,SYN-0111,yes,1.0.0,ROUND_2,2025-09-21,2025-08-15,SOUTH,S01,ENUM_05,yes,35_44,man,4,no,yes,2025-08-28,leadership,3,1,3,no,4,yes,printed_material,,18.6
SUB-0029,SYN-0029,yes,1.0.0,ROUND_2,2025-05-01,2024-12-08,EAST,E02,ENUM_04,yes,35_44,woman,10,no,yes,2025-03-09,planning,2,4,5,yes,2,yes,radio,,21.5
SUB-0296,SYN-0296,yes,1.0.0,ROUND_2,2025-06-05,2025-01-22,EAST,E01,ENUM_02,yes,25_34,woman,10,no,yes,2025-03-04,planning,4,1,3,yes,4,no,,,25.6
SUB-0027,SYN-0027,yes,1.0.0,ROUND_1,2025-07-31,2025-04-15,WEST,W02,ENUM_03,yes,25_34,woman,3,no,yes,2025-05-01,digital_skills,4,1,3,no,3,no,,The facilitator explained the topic clearly and respectfully.,33.1
SUB-0137,SYN-0137,yes,1.0.0,ROUND_2,2025-09-28,2025-08-09,NORTH,N01,ENUM_06,yes,25_34,man,3,no,yes,2025-09-22,planning,5,2,3,yes,5,no,,,25.8
SUB-0047,SYN-0047,yes,1.0.0,ROUND_2,2025-04-01,2024-12-02,EAST,E03,ENUM_07,yes,35_44,non_binary,7,no,yes,2025-03-30,planning,3,4,5,no,2,no,,,8.6
SUB-0101,SYN-0101,yes,1.0.0,ROUND_2,2025-04-10,2024-11-26,WEST,W03,ENUM_02,yes,45_54,man,5,no,no,,,,,,,4,no,,,21.3
SUB-0217,SYN-0217,yes,1.0.0,ROUND_2,2025-06-20,2025-01-27,EAST,E02,ENUM_03,yes,35_44,man,3,no,yes,2025-04-24,financial_skills,5,2,2,no,4,no,,The group activities helped me learn from other participants.,18.0
SUB-0077,SYN-0077,yes,1.0.0,ROUND_2,2025-08-16,2025-04-23,SOUTH,S02,ENUM_08,yes,25_34,woman,9,no,no,,,,,,,2,no,,,18.6
SUB-0053,SYN-0053,yes,1.0.0,,,,,,,no,,,,,,,,,,,,,,,,
SUB-0294,SYN-0294,yes,1.0.0,ROUND_1,2025-05-24,2025-02-08,EAST,E01,ENUM_04,yes,18_24,woman,3,no,yes,2025-03-22,leadership,5,2,3,yes,3,yes,community_meeting,,9.5
SUB-0110,SYN-0110,yes,1.0.0,ROUND_2,2025-04-16,2025-03-02,EAST,E03,ENUM_06,yes,45_54,woman,3,no,yes,2025-03-15,planning,4,1,2,yes,3,no,,,22.8
SUB-0092,SYN-0092,yes,1.0.0,ROUND_2,2025-07-23,2025-05-12,EAST,E02,ENUM_01,yes,45_54,man,4,no,yes,2025-06-27,leadership,2,2,3,no,5,no,,,17.5
SUB-0374,SYN-0374,yes,1.0.0,ROUND_2,2025-04-18,2024-12-24,EAST,E01,ENUM_08,yes,18_24,woman,4,no,no,,,,,,,3,yes,community_meeting,,4.2
SUB-0373,SYN-0373,yes,1.0.0,ROUND_1,2025-08-22,2025-05-26,NORTH,N02,ENUM_03,yes,25_34,woman,5,no,yes,2025-07-23,financial_skills,1,3,5,yes,1,yes,radio,,25.4
SUB-0338,SYN-0338,yes,1.0.0,ROUND_2,2025-08-29,2025-04-13,NORTH,N02,ENUM_04,yes,35_44,man,5,no,yes,2025-05-21,digital_skills,4,2,3,yes,1,no,,,7.1
SUB-0264,SYN-0264,yes,1.0.0,ROUND_2,2025-05-04,2024-12-13,SOUTH,S01,ENUM_03,yes,45_54,man,7,no,no,,,,,,,5,yes,community_meeting,,5.4
SUB-0324,SYN-0324,yes,1.0.0,ROUND_2,2025-07-20,2025-02-23,SOUTH,S02,ENUM_07,yes,25_34,man,5,no,yes,2025-05-17,digital_skills,4,4,5,yes,2,no,,,21.4
SUB-0392,SYN-0392,yes,1.0.0,ROUND_2,2025-05-17,2025-02-06,NORTH,N02,ENUM_03,yes,25_34,woman,8,no,yes,2025-04-19,digital_skills,5,1,2,yes,2,yes,printed_material,,19.0
SUB-0134,SYN-0134,yes,1.0.0,ROUND_1,2025-08-24,2025-03-29,SOUTH,S02,ENUM_06,yes,35_44,man,4,no,yes,2025-07-27,planning,3,4,5,yes,4,no,,The practical examples made the sessions easier to understand.,23.0
SUB-0188,SYN-0188,yes,1.0.0,ROUND_2,2025-09-04,2025-04-20,NORTH,N01,ENUM_08,yes,18_24,woman,4,no,yes,2025-07-28,planning,5,2,3,yes,4,yes,printed_material,A follow-up session on digital tools would be helpful.,15.8
SUB-0213,SYN-0213,yes,1.0.0,ROUND_2,2025-06-05,2025-03-19,NORTH,N03,ENUM_03,yes,35_44,man,5,no,no,,,,,,,3,no,,,22.4
SUB-0068,SYN-0068,yes,1.0.0,ROUND_2,2025-04-16,2025-02-10,EAST,E01,ENUM_05,yes,25_34,woman,5,no,yes,2025-03-07,digital_skills,4,1,2,yes,4,yes,radio,The practical examples made the sessions easier to understand.,28.3
SUB-0158,SYN-0158,yes,1.0.0,ROUND_1,2025-09-10,2025-06-05,NORTH,N01,ENUM_06,yes,45_54,man,8,no,yes,2025-09-06,digital_skills,4,4,5,yes,3,no,,,20.5
SUB-0025,SYN-0025,yes,1.0.0,ROUND_2,2025-08-23,2025-07-01,EAST,E03,ENUM_02,yes,45_54,woman,4,no,yes,2025-07-17,planning,4,4,4,yes,3,no,,,13.6
SUB-0147,SYN-0147,yes,1.0.0,ROUND_2,2025-05-22,2025-02-07,NORTH,N02,ENUM_08,yes,25_34,man,6,no,no,,,,,,,4,no,,,15.6
SUB-DUP-002,SYN-0066,yes,1.0.0,ROUND_1,2025-09-15,2025-05-27,NORTH,N02,ENUM_08,yes,35_44,woman,3,no,yes,2025-07-25,leadership,4,3,4,no,3,no,,,21.4
SUB-0130,SYN-0130,yes,1.0.0,ROUND_2,2025-08-26,2025-06-18,NORTH,N02,ENUM_03,yes,18_24,man,5,no,no,,,,,,,4,no,,,23.5
SUB-0302,SYN-0302,yes,1.0.0,ROUND_1,2025-06-01,2025-02-21,WEST,W03,ENUM_05,yes,25_34,woman,5,no,yes,2025-05-19,planning,4,1,2,yes,5,yes,community_meeting,,16.7
SUB-0362,SYN-0362,yes,1.0.0,ROUND_2,2025-07-13,2025-05-07,WEST,W03,ENUM_06,yes,25_34,man,3,no,yes,2025-06-09,financial_skills,5,1,1,yes,4,yes,community_meeting,The activity should start earlier so participants can travel home safely.,21.1
SUB-0204,SYN-0204,yes,1.0.0,ROUND_1,2025-06-20,2025-02-07,NORTH,N01,ENUM_05,yes,35_44,man,3,no,yes,2025-05-28,financial_skills,3,4,5,yes,5,no,,,17.7
SUB-0139,SYN-0139,yes,1.0.0,ROUND_1,2025-04-10,2024-12-25,WEST,W02,ENUM_03,yes,55_plus,woman,9,no,yes,2025-01-24,digital_skills,4,3,4,no,4,no,,,26.7
SUB-0221,SYN-0221,yes,1.0.0,ROUND_1,2025-07-10,2025-05-28,EAST,E03,ENUM_07,yes,25_34,woman,4,no,yes,2025-07-08,planning,5,2,2,yes,5,no,,,17.4
SUB-0285,SYN-0285,yes,1.0.0,ROUND_2,2025-08-28,2025-05-24,NORTH,N01,ENUM_01,yes,25_34,man,3,no,yes,2025-08-23,digital_skills,4,3,4,no,5,yes,radio,,18.4
SUB-0387,SYN-0387,yes,1.0.0,ROUND_1,2025-06-29,2025-03-09,EAST,E01,ENUM_03,yes,45_54,woman,3,no,yes,2025-06-13,leadership,5,1,2,yes,4,no,,"The session was useful, but the timing conflicted with other responsibilities.",23.6
SUB-0303,SYN-0303,yes,1.0.0,ROUND_2,2025-07-10,2025-04-21,NORTH,N03,ENUM_05,yes,25_34,man,6,no,yes,2025-06-16,planning,2,3,4,yes,5,no,,,7.7
SUB-0133,SYN-0133,yes,1.0.0,ROUND_2,2025-05-27,2025-02-19,SOUTH,S01,ENUM_08,yes,45_54,woman,7,yes,yes,2025-04-08,leadership,4,4,5,yes,2,no,,,20.0
SUB-0288,SYN-0288,yes,1.0.0,ROUND_1,2025-05-08,2024-12-28,EAST,E02,ENUM_02,yes,35_44,woman,9,no,no,,,,,,,4,no,radio,,19.6
SUB-0014,SYN-0014,yes,1.0.0,ROUND_2,2025-06-29,2025-02-26,SOUTH,S02,ENUM_04,yes,35_44,man,6,yes,yes,2025-05-31,digital_skills,4,1,3,no,1,no,,,8.8
SUB-0200,SYN-0200,yes,1.0.0,ROUND_1,2025-06-02,2025-04-29,WEST,W03,ENUM_06,yes,25_34,woman,5,no,no,,,,,,,5,no,,,16.2
SUB-0093,SYN-0093,yes,1.0.0,ROUND_2,2025-08-05,2025-04-26,NORTH,N02,ENUM_02,yes,18_24,woman,11,no,no,,,,,,,4,no,,,20.5
SUB-0334,SYN-0334,yes,1.0.0,ROUND_1,2025-07-02,2025-02-06,NORTH,N02,ENUM_08,yes,55_plus,woman,7,no,yes,2025-05-12,financial_skills,3,4,5,yes,4,yes,printed_material,,22.3
SUB-0185,SYN-0185,yes,1.0.0,ROUND_2,2025-04-25,2025-03-26,NORTH,N03,ENUM_01,yes,35_44,woman,3,yes,no,,,,,,,2,no,,,24.7
SUB-0039,SYN-0039,yes,1.0.0,ROUND_2,2025-09-13,2025-07-05,SOUTH,S03,ENUM_07,yes,45_54,woman,5,no,yes,2025-08-04,financial_skills,4,3,4,yes,3,yes,printed_material,,21.3
SUB-0355,SYN-0355,yes,1.0.0,ROUND_2,2025-07-28,2025-05-21,WEST,W01,ENUM_05,yes,18_24,woman,2,no,yes,2025-07-05,financial_skills,4,3,4,yes,3,no,,,20.5
SUB-0352,SYN-0352,yes,1.0.0,ROUND_2,2025-05-07,2025-01-17,SOUTH,S03,ENUM_06,yes,45_54,man,8,no,yes,2025-02-10,planning,4,4,5,no,4,no,,,25.8
SUB-0166,SYN-0166,yes,1.0.0,ROUND_2,2025-09-01,2025-04-24,EAST,E02,ENUM_07,yes,18_24,prefer_not,5,no,yes,2025-06-05,financial_skills,4,4,4,yes,3,yes,radio,,23.3
SUB-0087,SYN-0087,yes,1.0.0,ROUND_2,2025-06-08,2025-01-26,WEST,W02,ENUM_05,yes,55_plus,man,8,no,yes,2025-03-02,digital_skills,4,4,4,yes,2,yes,radio,I would like more examples about budgeting and record keeping.,19.2
SUB-0350,SYN-0350,yes,1.0.0,ROUND_2,2025-07-12,2025-03-27,NORTH,N02,ENUM_03,yes,25_34,woman,5,no,yes,2025-06-07,planning,5,4,5,no,3,no,,,16.4
SUB-0151,SYN-0151,yes,1.0.0,ROUND_1,2025-09-17,2025-06-11,WEST,W03,ENUM_03,yes,25_34,man,2,no,yes,2025-06-13,digital_skills,3,4,5,yes,5,yes,printed_material,,13.6
SUB-0184,SYN-0184,yes,1.0.0,ROUND_2,2025-04-03,2025-02-24,WEST,W03,ENUM_03,yes,35_44,woman,7,no,yes,2025-02-24,planning,5,1,3,yes,4,no,,,17.3
SUB-0106,SYN-0106,yes,1.0.0,ROUND_2,2025-07-15,2025-03-15,SOUTH,S01,ENUM_01,yes,35_44,woman,9,no,yes,2025-04-10,planning,1,2,4,yes,4,no,,,26.6
SUB-0058,SYN-0058,yes,1.0.0,ROUND_2,2025-08-31,2025-04-24,SOUTH,S03,ENUM_01,yes,25_34,woman,3,no,no,,,,,,,5,no,,,16.9
SUB-0258,SYN-0258,yes,1.0.0,ROUND_2,2025-05-28,2025-04-04,EAST,E02,ENUM_01,yes,25_34,man,3,no,yes,2025-04-25,leadership,5,2,3,yes,4,no,,"The session was useful, but the timing conflicted with other responsibilities.",5.6
SUB-0051,SYN-0051,yes,1.0.0,ROUND_1,2025-05-30,2025-01-16,EAST,E01,ENUM_01,yes,45_54,woman,3,no,no,,,,,,,1,no,,,11.0
SUB-0078,SYN-0078,yes,1.0.0,ROUND_2,2025-05-02,2025-01-06,WEST,W03,ENUM_03,yes,25_34,man,4,no,yes,2025-04-25,digital_skills,3,2,4,yes,5,no,,,24.4
SUB-0266,SYN-0266,yes,1.0.0,ROUND_1,2025-09-09,2025-06-24,SOUTH,S02,ENUM_02,yes,35_44,woman,6,yes,no,,,,,,,5,no,,,21.2
SUB-0254,SYN-0254,yes,1.0.0,ROUND_2,2025-06-12,2025-04-21,NORTH,N03,ENUM_08,yes,55_plus,man,5,no,no,,,,,,,4,yes,printed_material,,4.0
SUB-0269,SYN-0269,yes,1.0.0,ROUND_2,2025-04-09,2025-01-28,WEST,W01,ENUM_08,yes,35_44,man,3,no,yes,2025-03-26,leadership,4,3,4,yes,4,no,,,22.8
SUB-0153,SYN-0153,yes,1.0.0,ROUND_1,2025-04-22,2024-11-30,SOUTH,S03,ENUM_07,yes,18_24,man,3,no,yes,2025-01-14,planning,5,2,3,no,1,yes,radio,The facilitator explained the topic clearly and respectfully.,21.0
SUB-0084,SYN-0084,yes,1.0.0,ROUND_2,2025-06-19,2025-02-19,EAST,E02,ENUM_04,yes,18_24,man,5,no,no,,,,,,,4,no,,,19.5
SUB-0268,SYN-0268,yes,1.0.0,ROUND_2,2025-07-08,2025-03-07,SOUTH,S03,ENUM_03,yes,25_34,unknown_code,7,no,yes,2025-06-22,digital_skills,3,3,4,no,4,no,,,15.7
SUB-0307,SYN-0307,yes,1.0.0,ROUND_2,2025-08-04,2025-07-01,SOUTH,S03,ENUM_01,yes,25_34,man,5,no,no,,,,,,,4,no,,,21.1
SUB-0301,SYN-0301,yes,1.0.0,ROUND_2,2025-08-13,2025-06-09,NORTH,N02,ENUM_04,yes,25_34,woman,4,no,yes,2025-06-29,financial_skills,4,1,2,yes,4,yes,community_meeting,,17.7
SUB-0395,SYN-0395,yes,1.0.0,ROUND_2,2025-06-03,2025-04-28,EAST,E03,ENUM_01,yes,35_44,woman,9,no,yes,2025-06-03,digital_skills,4,4,5,yes,3,no,,,23.1
SUB-0187,SYN-0187,yes,1.0.0,ROUND_2,2025-06-23,2025-03-15,EAST,E01,ENUM_05,yes,35_44,man,5,yes,yes,2025-04-08,financial_skills,4,4,5,yes,2,yes,radio,"The session was useful, but the timing conflicted with other responsibilities.",12.4
SUB-0253,SYN-0253,yes,1.0.0,ROUND_1,2025-07-13,2025-05-22,NORTH,N02,ENUM_06,yes,18_24,woman,5,no,no,,,,,,,4,no,,,24.6
SUB-0118,SYN-0118,yes,1.0.0,ROUND_2,2025-06-15,2025-05-09,NORTH,N01,ENUM_04,yes,18_24,woman,5,no,yes,2025-05-29,digital_skills,3,4,4,yes,5,no,,The activity should start earlier so participants can travel home safely.,12.9
SUB-0397,SYN-0397,yes,1.0.0,ROUND_2,2025-05-04,2024-12-19,EAST,E03,ENUM_03,yes,55_plus,man,3,no,yes,2025-01-10,planning,5,1,2,yes,2,yes,community_meeting,,15.3
SUB-0159,SYN-0159,yes,1.0.0,ROUND_2,2025-06-10,2025-05-11,EAST,E03,ENUM_06,yes,25_34,man,6,no,yes,2025-05-31,financial_skills,4,1,2,no,3,no,,,14.2
SUB-0290,SYN-0290,yes,1.0.0,ROUND_1,2025-04-09,2024-11-26,SOUTH,S02,ENUM_05,yes,25_34,man,7,no,yes,2025-01-14,financial_skills,4,1,2,yes,4,no,,,20.3
SUB-0129,SYN-0129,yes,1.0.0,ROUND_2,2025-04-19,2025-02-22,EAST,E03,ENUM_04,yes,35_44,man,5,no,yes,2025-04-15,planning,4,3,4,yes,4,yes,community_meeting,,23.6
SUB-0036,SYN-0036,yes,1.0.0,ROUND_1,2025-05-03,2025-03-10,WEST,W01,ENUM_06,yes,18_24,man,3,no,yes,2025-04-28,planning,2,2,3,no,4,no,,I have already used one of the planning tools from the session.,19.9
SUB-0125,SYN-0125,yes,1.0.0,ROUND_2,2025-09-09,2025-06-21,SOUTH,S03,ENUM_03,yes,45_54,woman,4,yes,no,,,,,,,3,no,,,25.3
SUB-0121,SYN-0121,yes,1.0.0,ROUND_1,2025-04-10,2025-02-12,SOUTH,S01,ENUM_05,yes,25_34,woman,6,no,yes,2025-03-14,digital_skills,5,2,4,yes,3,yes,community_meeting,,18.4
SUB-0354,SYN-0354,yes,1.0.0,ROUND_2,2025-07-15,2025-05-01,NORTH,N03,ENUM_06,yes,25_34,man,5,no,yes,2025-07-09,planning,5,3,4,yes,4,yes,radio,,17.3
SUB-0323,SYN-0323,yes,1.0.0,ROUND_1,2025-06-19,2025-05-01,EAST,E02,ENUM_01,yes,45_54,man,2,no,yes,2025-05-11,digital_skills,4,1,2,yes,4,no,,,16.9
SUB-0170,SYN-0170,yes,1.0.0,ROUND_1,2025-06-12,2025-03-29,EAST,E01,ENUM_07,yes,25_34,man,4,no,yes,2025-04-29,leadership,2,1,3,yes,5,yes,printed_material,,11.7
SUB-0117,SYN-0117,yes,1.0.0,ROUND_2,2025-06-09,2025-04-24,NORTH,N02,ENUM_07,yes,45_54,woman,6,no,yes,2025-05-07,planning,4,2,3,yes,3,no,,,13.9
SUB-0273,SYN-0273,yes,1.0.0,ROUND_2,2025-06-19,2025-02-22,EAST,E01,ENUM_06,yes,35_44,man,3,no,no,,,,,,,4,no,,,27.5
SUB-0293,SYN-0293,yes,1.0.0,ROUND_1,2025-05-19,2025-01-19,WEST,W01,ENUM_05,yes,25_34,man,5,no,yes,2025-05-07,digital_skills,2,3,4,yes,3,yes,printed_material,,14.3
SUB-0001,SYN-0001,yes,1.0.0,ROUND_2,2025-08-21,2025-05-12,WEST,W01,ENUM_02,yes,18_24,woman,7,no,yes,2025-07-28,financial_skills,4,4,5,no,3,no,,,180
SUB-0056,SYN-0056,yes,1.0.0,ROUND_2,2025-05-07,2025-03-17,SOUTH,S03,ENUM_05,yes,25_34,man,6,no,no,,,,,,,5,no,,,24.0
SUB-0219,SYN-0219,yes,1.0.0,ROUND_1,2025-06-28,2025-02-03,NORTH,N03,ENUM_06,yes,35_44,woman,6,no,no,,,,,,,4,yes,community_meeting,,16.2
SUB-0260,SYN-0260,yes,1.0.0,ROUND_2,2025-04-06,2024-11-24,SOUTH,S02,ENUM_06,yes,35_44,man,7,no,yes,2025-03-18,financial_skills,5,4,5,yes,4,yes,radio,The group activities helped me learn from other participants.,9.4
SUB-0372,SYN-0372,yes,1.0.0,ROUND_1,2025-06-20,2025-01-30,WEST,W03,ENUM_07,yes,18_24,woman,7,no,yes,2025-06-19,leadership,4,2,3,yes,3,no,,,12.6
SUB-0119,SYN-0119,yes,1.0.0,ROUND_2,2025-05-07,2024-12-11,EAST,E01,ENUM_06,yes,35_44,man,4,no,no,2025-05-07,digital_skills,4,2,4,yes,5,no,,,21.6
SUB-0206,SYN-0206,yes,1.0.0,ROUND_2,2025-09-25,2025-05-24,EAST,E03,ENUM_03,yes,45_54,woman,5,no,yes,2025-05-27,financial_skills,5,3,5,yes,4,no,,I would like more examples about budgeting and record keeping.,15.6
SUB-0116,SYN-0116,yes,1.0.0,ROUND_1,2025-09-13,2025-07-14,NORTH,N03,ENUM_07,yes,25_34,,2,no,yes,2025-07-29,digital_skills,4,4,5,yes,4,no,,,12.6
SUB-0333,SYN-0333,yes,1.0.0,ROUND_1,2025-07-30,2025-04-18,NORTH,N03,ENUM_07,yes,55_plus,woman,4,no,no,,,,,,,4,no,,,25.7
SUB-0098,SYN-0098,yes,1.0.0,ROUND_1,2025-07-19,2025-04-05,SOUTH,S01,ENUM_02,yes,25_34,woman,4,no,yes,2025-06-18,planning,3,3,4,yes,2,no,,,26.5
SUB-0034,SYN-0034,yes,1.0.0,ROUND_2,2025-09-09,2025-08-02,NORTH,N03,ENUM_01,yes,35_44,woman,5,no,yes,2025-08-10,financial_skills,5,2,4,yes,5,no,,,17.3
SUB-0299,SYN-0299,yes,1.0.0,ROUND_2,2025-09-20,2025-06-21,EAST,E01,ENUM_01,yes,55_plus,man,4,no,yes,2025-08-07,planning,3,3,5,yes,5,no,,,27.2
SUB-0244,SYN-0244,yes,1.0.0,ROUND_1,2025-07-18,2025-05-09,NORTH,N02,ENUM_05,yes,55_plus,woman,6,no,yes,2025-07-10,digital_skills,3,3,4,yes,4,no,,,15.8
SUB-0229,SYN-0229,yes,1.0.0,ROUND_2,2025-08-12,2025-04-12,NORTH,N01,ENUM_02,yes,45_54,man,5,no,no,,,,,,,4,no,,,20.0
SUB-0218,SYN-0218,yes,1.0.0,ROUND_2,2025-05-23,2025-02-16,EAST,E01,ENUM_08,yes,45_54,woman,5,yes,yes,2025-04-04,planning,4,4,5,yes,3,yes,printed_material,Printed materials would help people who cannot attend every session.,18.4
SUB-0169,SYN-0169,yes,1.0.0,ROUND_1,2025-05-27,2025-06-10,SOUTH,S01,ENUM_07,yes,55_plus,woman,4,no,no,,,,,,,5,yes,printed_material,,24.0
SUB-0402,SYN-0402,yes,1.0.0,ROUND_2,2025-06-06,2025-01-31,NORTH,N03,ENUM_04,yes,25_34,prefer_not,7,no,no,,,,,,,3,no,,,16.5
SUB-0075,SYN-0075,yes,1.0.0,ROUND_1,2025-09-08,2025-07-22,NORTH,N03,ENUM_03,yes,35_44,man,2,yes,yes,2025-08-19,leadership,1,2,4,yes,4,no,,,13.6
SUB-0193,SYN-0193,yes,1.0.0,ROUND_1,2025-05-11,2024-12-16,WEST,W02,ENUM_06,yes,35_44,woman,4,no,yes,2025-02-04,financial_skills,4,2,3,no,3,no,,"The session was useful, but the timing conflicted with other responsibilities.",10.0
SUB-0399,SYN-0399,yes,1.0.0,ROUND_2,2025-08-07,2025-06-01,EAST,E03,ENUM_02,yes,45_54,woman,5,no,no,,,,,,,5,no,,,24.3
